relative_time_s,sample_ts_utc,sample_ts_et,batch_id,sample_in_batch,x_raw,y_raw,z_raw
0.038125,2026-05-04 22:13:09.970000+00:00,2026-05-04 18:13:09.970,122647,58,3805.0,19.0,23.0
0.078125,2026-05-04 22:13:10.010000+00:00,2026-05-04 18:13:10.010,122647,59,3809.0,11.0,42.0
0.118125,2026-05-04 22:13:10.050000+00:00,2026-05-04 18:13:10.050,122647,60,3815.0,9.0,83.0
0.158125,2026-05-04 22:13:10.090000+00:00,2026-05-04 18:13:10.090,122647,61,3814.0,13.0,87.0
0.198125,2026-05-04 22:13:10.130000+00:00,2026-05-04 18:13:10.130,122647,62,3815.0,11.0,91.0
0.238125,2026-05-04 22:13:10.170000+00:00,2026-05-04 18:13:10.170,122647,63,3817.0,8.0,90.0
0.278125,2026-05-04 22:13:10.210000+00:00,2026-05-04 18:13:10.210,122647,64,3817.0,18.0,50.0
0.318125,2026-05-04 22:13:10.250000+00:00,2026-05-04 18:13:10.250,122647,65,3815.0,4.0,25.0
0.358125,2026-05-04 22:13:10.290000+00:00,2026-05-04 18:13:10.290,122647,66,3805.0,-2.0,-4.0
0.398125,2026-05-04 22:13:10.330000+00:00,2026-05-04 18:13:10.330,122647,67,3807.0,7.0,-2.0
0.438125,2026-05-04 22:13:10.370000+00:00,2026-05-04 18:13:10.370,122647,68,3822.0,24.0,-8.0
0.478125,2026-05-04 22:13:10.410000+00:00,2026-05-04 18:13:10.410,122647,69,3811.0,7.0,12.0
0.518125,2026-05-04 22:13:10.450000+00:00,2026-05-04 18:13:10.450,122647,70,3812.0,-3.0,36.0
0.558125,2026-05-04 22:13:10.490000+00:00,2026-05-04 18:13:10.490,122647,71,3800.0,11.0,69.0
0.598125,2026-05-04 22:13:10.530000+00:00,2026-05-04 18:13:10.530,122647,72,3823.0,21.0,100.0
0.638125,2026-05-04 22:13:10.570000+00:00,2026-05-04 18:13:10.570,122647,73,3819.0,-4.0,93.0
0.678125,2026-05-04 22:13:10.610000+00:00,2026-05-04 18:13:10.610,122647,74,3804.0,10.0,74.0
0.718125,2026-05-04 22:13:10.650000+00:00,2026-05-04 18:13:10.650,122647,75,3812.0,16.0,71.0
0.758125,2026-05-04 22:13:10.690000+00:00,2026-05-04 18:13:10.690,122647,76,3799.0,9.0,43.0
0.798125,2026-05-04 22:13:10.730000+00:00,2026-05-04 18:13:10.730,122647,77,3803.0,29.0,-2.0
0.838125,2026-05-04 22:13:10.770000+00:00,2026-05-04 18:13:10.770,122647,78,3806.0,18.0,-1.0
0.878125,2026-05-04 22:13:10.810000+00:00,2026-05-04 18:13:10.810,122647,79,3815.0,3.0,1.0
0.918125,2026-05-04 22:13:10.850000+00:00,2026-05-04 18:13:10.850,122647,80,3814.0,6.0,18.0
0.958125,2026-05-04 22:13:10.890000+00:00,2026-05-04 18:13:10.890,122647,81,3809.0,20.0,33.0
0.998125,2026-05-04 22:13:10.930000+00:00,2026-05-04 18:13:10.930,122647,82,3820.0,6.0,56.0
1.038125,2026-05-04 22:13:10.970000+00:00,2026-05-04 18:13:10.970,122647,83,3814.0,10.0,89.0
1.078125,2026-05-04 22:13:11.010000+00:00,2026-05-04 18:13:11.010,122647,84,3806.0,12.0,103.0
1.118125,2026-05-04 22:13:11.050000+00:00,2026-05-04 18:13:11.050,122647,85,3821.0,8.0,78.0
1.158125,2026-05-04 22:13:11.090000+00:00,2026-05-04 18:13:11.090,122647,86,3821.0,16.0,74.0
1.198125,2026-05-04 22:13:11.130000+00:00,2026-05-04 18:13:11.130,122647,87,3824.0,23.0,37.0
1.238125,2026-05-04 22:13:11.170000+00:00,2026-05-04 18:13:11.170,122647,88,3806.0,12.0,2.0
1.278125,2026-05-04 22:13:11.210000+00:00,2026-05-04 18:13:11.210,122647,89,3814.0,2.0,9.0
1.318125,2026-05-04 22:13:11.250000+00:00,2026-05-04 18:13:11.250,122647,90,3810.0,0.0,-9.0
1.358125,2026-05-04 22:13:11.290000+00:00,2026-05-04 18:13:11.290,122647,91,3806.0,25.0,12.0
1.398125,2026-05-04 22:13:11.330000+00:00,2026-05-04 18:13:11.330,122647,92,3801.0,-1.0,32.0
1.438125,2026-05-04 22:13:11.370000+00:00,2026-05-04 18:13:11.370,122647,93,3821.0,9.0,58.0
1.478125,2026-05-04 22:13:11.410000+00:00,2026-05-04 18:13:11.410,122647,94,3817.0,22.0,86.0
1.518125,2026-05-04 22:13:11.450000+00:00,2026-05-04 18:13:11.450,122647,95,3812.0,2.0,105.0
1.558125,2026-05-04 22:13:11.490000+00:00,2026-05-04 18:13:11.490,122647,96,3815.0,22.0,89.0
1.598125,2026-05-04 22:13:11.530000+00:00,2026-05-04 18:13:11.530,122647,97,3816.0,9.0,77.0
1.638125,2026-05-04 22:13:11.570000+00:00,2026-05-04 18:13:11.570,122647,98,3831.0,8.0,51.0
1.678125,2026-05-04 22:13:11.610000+00:00,2026-05-04 18:13:11.610,122647,99,3814.0,20.0,21.0
1.718125,2026-05-04 22:13:11.650000+00:00,2026-05-04 18:13:11.650,122647,100,3813.0,25.0,-4.0
1.758125,2026-05-04 22:13:11.690000+00:00,2026-05-04 18:13:11.690,122648,1,3810.0,10.0,3.0
1.798125,2026-05-04 22:13:11.730000+00:00,2026-05-04 18:13:11.730,122648,2,3793.0,11.0,13.0
1.838125,2026-05-04 22:13:11.770000+00:00,2026-05-04 18:13:11.770,122648,3,3813.0,17.0,22.0
1.878125,2026-05-04 22:13:11.810000+00:00,2026-05-04 18:13:11.810,122648,4,3807.0,11.0,59.0
1.918125,2026-05-04 22:13:11.850000+00:00,2026-05-04 18:13:11.850,122648,5,3803.0,24.0,73.0
1.958125,2026-05-04 22:13:11.890000+00:00,2026-05-04 18:13:11.890,122648,6,3813.0,14.0,97.0
1.998125,2026-05-04 22:13:11.930000+00:00,2026-05-04 18:13:11.930,122648,7,3802.0,12.0,83.0
2.038125,2026-05-04 22:13:11.970000+00:00,2026-05-04 18:13:11.970,122648,8,3810.0,6.0,74.0
2.078125,2026-05-04 22:13:12.010000+00:00,2026-05-04 18:13:12.010,122648,9,3815.0,8.0,45.0
2.118125,2026-05-04 22:13:12.050000+00:00,2026-05-04 18:13:12.050,122648,10,3814.0,10.0,18.0
2.158125,2026-05-04 22:13:12.090000+00:00,2026-05-04 18:13:12.090,122648,11,3807.0,7.0,13.0
2.198125,2026-05-04 22:13:12.130000+00:00,2026-05-04 18:13:12.130,122648,12,3804.0,11.0,1.0
2.238125,2026-05-04 22:13:12.170000+00:00,2026-05-04 18:13:12.170,122648,13,3806.0,8.0,7.0
2.278125,2026-05-04 22:13:12.210000+00:00,2026-05-04 18:13:12.210,122648,14,3804.0,18.0,30.0
2.318125,2026-05-04 22:13:12.250000+00:00,2026-05-04 18:13:12.250,122648,15,3820.0,1.0,59.0
2.358125,2026-05-04 22:13:12.290000+00:00,2026-05-04 18:13:12.290,122648,16,3813.0,2.0,86.0
2.398125,2026-05-04 22:13:12.330000+00:00,2026-05-04 18:13:12.330,122648,17,3818.0,14.0,96.0
2.438125,2026-05-04 22:13:12.370000+00:00,2026-05-04 18:13:12.370,122648,18,3806.0,17.0,86.0
2.478125,2026-05-04 22:13:12.410000+00:00,2026-05-04 18:13:12.410,122648,19,3823.0,18.0,71.0
2.518125,2026-05-04 22:13:12.450000+00:00,2026-05-04 18:13:12.450,122648,20,3809.0,8.0,46.0
2.558125,2026-05-04 22:13:12.490000+00:00,2026-05-04 18:13:12.490,122648,21,3821.0,13.0,30.0
2.598125,2026-05-04 22:13:12.530000+00:00,2026-05-04 18:13:12.530,122648,22,3809.0,3.0,0.0
2.638125,2026-05-04 22:13:12.570000+00:00,2026-05-04 18:13:12.570,122648,23,3811.0,8.0,4.0
2.678125,2026-05-04 22:13:12.610000+00:00,2026-05-04 18:13:12.610,122648,24,3811.0,19.0,9.0
2.718125,2026-05-04 22:13:12.650000+00:00,2026-05-04 18:13:12.650,122648,25,3827.0,9.0,35.0
2.758125,2026-05-04 22:13:12.690000+00:00,2026-05-04 18:13:12.690,122648,26,3811.0,9.0,56.0
2.798125,2026-05-04 22:13:12.730000+00:00,2026-05-04 18:13:12.730,122648,27,3818.0,10.0,83.0
2.838125,2026-05-04 22:13:12.770000+00:00,2026-05-04 18:13:12.770,122648,28,3836.0,4.0,87.0
2.878125,2026-05-04 22:13:12.810000+00:00,2026-05-04 18:13:12.810,122648,29,3820.0,3.0,78.0
2.918125,2026-05-04 22:13:12.850000+00:00,2026-05-04 18:13:12.850,122648,30,3820.0,24.0,76.0
2.958125,2026-05-04 22:13:12.890000+00:00,2026-05-04 18:13:12.890,122648,31,3805.0,0.0,44.0
2.998125,2026-05-04 22:13:12.930000+00:00,2026-05-04 18:13:12.930,122648,32,3810.0,22.0,29.0
3.038125,2026-05-04 22:13:12.970000+00:00,2026-05-04 18:13:12.970,122648,33,3803.0,2.0,7.0
3.078125,2026-05-04 22:13:13.010000+00:00,2026-05-04 18:13:13.010,122648,34,3809.0,18.0,-5.0
3.118125,2026-05-04 22:13:13.050000+00:00,2026-05-04 18:13:13.050,122648,35,3807.0,19.0,13.0
3.158125,2026-05-04 22:13:13.090000+00:00,2026-05-04 18:13:13.090,122648,36,3817.0,8.0,24.0
3.198125,2026-05-04 22:13:13.130000+00:00,2026-05-04 18:13:13.130,122648,37,3808.0,11.0,56.0
3.238125,2026-05-04 22:13:13.170000+00:00,2026-05-04 18:13:13.170,122648,38,3812.0,10.0,69.0
3.278125,2026-05-04 22:13:13.210000+00:00,2026-05-04 18:13:13.210,122648,39,3816.0,57.0,187.0
3.318125,2026-05-04 22:13:13.250000+00:00,2026-05-04 18:13:13.250,122648,40,3801.0,95.0,63.0
3.358125,2026-05-04 22:13:13.290000+00:00,2026-05-04 18:13:13.290,122648,41,3823.0,-32.0,2.0
3.398125,2026-05-04 22:13:13.330000+00:00,2026-05-04 18:13:13.330,122648,42,3798.0,-253.0,104.0
3.438125,2026-05-04 22:13:13.370000+00:00,2026-05-04 18:13:13.370,122648,43,3845.0,-1.0,85.0
3.478125,2026-05-04 22:13:13.410000+00:00,2026-05-04 18:13:13.410,122648,44,3816.0,182.0,237.0
3.518125,2026-05-04 22:13:13.450000+00:00,2026-05-04 18:13:13.450,122648,45,3830.0,275.0,-44.0
3.558125,2026-05-04 22:13:13.490000+00:00,2026-05-04 18:13:13.490,122648,46,3812.0,64.0,-268.0
3.598125,2026-05-04 22:13:13.530000+00:00,2026-05-04 18:13:13.530,122648,47,3768.0,-239.0,-170.0
3.638125,2026-05-04 22:13:13.570000+00:00,2026-05-04 18:13:13.570,122648,48,3790.0,-175.0,-205.0
3.678125,2026-05-04 22:13:13.610000+00:00,2026-05-04 18:13:13.610,122648,49,3822.0,44.0,76.0
3.718125,2026-05-04 22:13:13.650000+00:00,2026-05-04 18:13:13.650,122648,50,3822.0,226.0,317.0
3.758125,2026-05-04 22:13:13.690000+00:00,2026-05-04 18:13:13.690,122648,51,3849.0,221.0,213.0
3.798125,2026-05-04 22:13:13.730000+00:00,2026-05-04 18:13:13.730,122648,52,3816.0,-78.0,226.0
3.838125,2026-05-04 22:13:13.770000+00:00,2026-05-04 18:13:13.770,122648,53,3792.0,-209.0,113.0
3.878125,2026-05-04 22:13:13.810000+00:00,2026-05-04 18:13:13.810,122648,54,3800.0,-57.0,-6.0
3.918125,2026-05-04 22:13:13.850000+00:00,2026-05-04 18:13:13.850,122648,55,3819.0,136.0,112.0
3.958125,2026-05-04 22:13:13.890000+00:00,2026-05-04 18:13:13.890,122648,56,3833.0,272.0,-51.0
3.998125,2026-05-04 22:13:13.930000+00:00,2026-05-04 18:13:13.930,122648,57,3801.0,-88.0,-74.0
4.038125,2026-05-04 22:13:13.970000+00:00,2026-05-04 18:13:13.970,122648,58,3780.0,-394.0,-60.0
4.078125,2026-05-04 22:13:14.010000+00:00,2026-05-04 18:13:14.010,122648,59,3798.0,-93.0,-152.0
4.118125,2026-05-04 22:13:14.050000+00:00,2026-05-04 18:13:14.050,122648,60,3818.0,295.0,-27.0
4.158125,2026-05-04 22:13:14.090000+00:00,2026-05-04 18:13:14.090,122648,61,3835.0,355.0,138.0
4.198125,2026-05-04 22:13:14.130000+00:00,2026-05-04 18:13:14.130,122648,62,3856.0,47.0,219.0
4.238125,2026-05-04 22:13:14.170000+00:00,2026-05-04 18:13:14.170,122648,63,3784.0,-501.0,288.0
4.278125,2026-05-04 22:13:14.210000+00:00,2026-05-04 18:13:14.210,122648,64,3805.0,-162.0,22.0
4.318125,2026-05-04 22:13:14.250000+00:00,2026-05-04 18:13:14.250,122648,65,3832.0,381.0,-23.0
4.358125,2026-05-04 22:13:14.290000+00:00,2026-05-04 18:13:14.290,122648,66,3831.0,481.0,-22.0
4.398125,2026-05-04 22:13:14.330000+00:00,2026-05-04 18:13:14.330,122648,67,3825.0,-24.0,9.0
4.438125,2026-05-04 22:13:14.370000+00:00,2026-05-04 18:13:14.370,122648,68,3793.0,-459.0,96.0
4.478125,2026-05-04 22:13:14.410000+00:00,2026-05-04 18:13:14.410,122648,69,3776.0,-371.0,-109.0
4.518125,2026-05-04 22:13:14.450000+00:00,2026-05-04 18:13:14.450,122648,70,3792.0,229.0,-442.0
4.558125,2026-05-04 22:13:14.490000+00:00,2026-05-04 18:13:14.490,122648,71,3782.0,489.0,-738.0
4.598125,2026-05-04 22:13:14.530000+00:00,2026-05-04 18:13:14.530,122648,72,3738.0,130.0,-979.0
4.638125,2026-05-04 22:13:14.570000+00:00,2026-05-04 18:13:14.570,122648,73,3744.0,-233.0,-685.0
4.678125,2026-05-04 22:13:14.610000+00:00,2026-05-04 18:13:14.610,122648,74,3754.0,-52.0,-219.0
4.718125,2026-05-04 22:13:14.650000+00:00,2026-05-04 18:13:14.650,122648,75,3799.0,81.0,14.0
4.758125,2026-05-04 22:13:14.690000+00:00,2026-05-04 18:13:14.690,122648,76,3767.0,-175.0,297.0
4.798125,2026-05-04 22:13:14.730000+00:00,2026-05-04 18:13:14.730,122648,77,3780.0,-167.0,673.0
4.838125,2026-05-04 22:13:14.770000+00:00,2026-05-04 18:13:14.770,122648,78,3836.0,-88.0,1167.0
4.878125,2026-05-04 22:13:14.810000+00:00,2026-05-04 18:13:14.810,122648,79,3899.0,-161.0,2262.0
4.918125,2026-05-04 22:13:14.850000+00:00,2026-05-04 18:13:14.850,122648,80,3950.0,128.0,2925.0
4.958125,2026-05-04 22:13:14.890000+00:00,2026-05-04 18:13:14.890,122648,81,3950.0,-14.0,3111.0
4.998125,2026-05-04 22:13:14.930000+00:00,2026-05-04 18:13:14.930,122648,82,3855.0,-94.0,2212.0
5.038125,2026-05-04 22:13:14.970000+00:00,2026-05-04 18:13:14.970,122648,83,3708.0,43.0,294.0
5.078125,2026-05-04 22:13:15.010000+00:00,2026-05-04 18:13:15.010,122648,84,3636.0,118.0,-1367.0
5.118125,2026-05-04 22:13:15.050000+00:00,2026-05-04 18:13:15.050,122648,85,3601.0,-12.0,-2325.0
5.158125,2026-05-04 22:13:15.090000+00:00,2026-05-04 18:13:15.090,122648,86,3599.0,-166.0,-2777.0
5.198125,2026-05-04 22:13:15.130000+00:00,2026-05-04 18:13:15.130,122648,87,3598.0,0.0,-3039.0
5.238125,2026-05-04 22:13:15.170000+00:00,2026-05-04 18:13:15.170,122648,88,3597.0,93.0,-2550.0
5.278125,2026-05-04 22:13:15.210000+00:00,2026-05-04 18:13:15.210,122648,89,3637.0,173.0,-1357.0
5.318125,2026-05-04 22:13:15.250000+00:00,2026-05-04 18:13:15.250,122648,90,3739.0,-114.0,587.0
5.358125,2026-05-04 22:13:15.290000+00:00,2026-05-04 18:13:15.290,122648,91,3864.0,-377.0,2865.0
5.398125,2026-05-04 22:13:15.330000+00:00,2026-05-04 18:13:15.330,122648,92,4040.0,-349.0,5027.0
5.438125,2026-05-04 22:13:15.370000+00:00,2026-05-04 18:13:15.370,122648,93,4059.0,36.0,5231.0
5.478125,2026-05-04 22:13:15.410000+00:00,2026-05-04 18:13:15.410,122648,94,3878.0,88.0,3495.0
5.518125,2026-05-04 22:13:15.450000+00:00,2026-05-04 18:13:15.450,122648,95,3670.0,158.0,620.0
5.558125,2026-05-04 22:13:15.490000+00:00,2026-05-04 18:13:15.490,122648,96,3486.0,1.0,-2409.0
5.598125,2026-05-04 22:13:15.530000+00:00,2026-05-04 18:13:15.530,122648,97,3378.0,-367.0,-4730.0
5.638125,2026-05-04 22:13:15.570000+00:00,2026-05-04 18:13:15.570,122648,98,3388.0,107.0,-5624.0
5.678125,2026-05-04 22:13:15.610000+00:00,2026-05-04 18:13:15.610,122648,99,3437.0,225.0,-4303.0
5.718125,2026-05-04 22:13:15.650000+00:00,2026-05-04 18:13:15.650,122648,100,3530.0,-502.0,-843.0
5.758125,2026-05-04 22:13:15.690000+00:00,2026-05-04 18:13:15.690,122649,1,3893.0,-466.0,2810.0
5.798125,2026-05-04 22:13:15.730000+00:00,2026-05-04 18:13:15.730,122649,2,3984.0,-303.0,5286.0
5.838125,2026-05-04 22:13:15.770000+00:00,2026-05-04 18:13:15.770,122649,3,4119.0,475.0,4939.0
5.878125,2026-05-04 22:13:15.810000+00:00,2026-05-04 18:13:15.810,122649,4,4013.0,651.0,3647.0
5.918125,2026-05-04 22:13:15.850000+00:00,2026-05-04 18:13:15.850,122649,5,3744.0,30.0,1964.0
5.958125,2026-05-04 22:13:15.890000+00:00,2026-05-04 18:13:15.890,122649,6,3609.0,-466.0,-795.0
5.998125,2026-05-04 22:13:15.930000+00:00,2026-05-04 18:13:15.930,122649,7,3461.0,-789.0,-2676.0
6.038125,2026-05-04 22:13:15.970000+00:00,2026-05-04 18:13:15.970,122649,8,3438.0,-283.0,-4309.0
6.078125,2026-05-04 22:13:16.010000+00:00,2026-05-04 18:13:16.010,122649,9,3483.0,458.0,-4810.0
6.118125,2026-05-04 22:13:16.050000+00:00,2026-05-04 18:13:16.050,122649,10,3480.0,454.0,-3260.0
6.158125,2026-05-04 22:13:16.090000+00:00,2026-05-04 18:13:16.090,122649,11,3605.0,28.0,-1120.0
6.198125,2026-05-04 22:13:16.130000+00:00,2026-05-04 18:13:16.130,122649,12,3759.0,-657.0,1829.0
6.238125,2026-05-04 22:13:16.170000+00:00,2026-05-04 18:13:16.170,122649,13,3918.0,-746.0,4317.0
6.278125,2026-05-04 22:13:16.210000+00:00,2026-05-04 18:13:16.210,122649,14,4106.0,83.0,4818.0
6.318125,2026-05-04 22:13:16.250000+00:00,2026-05-04 18:13:16.250,122649,15,4045.0,717.0,4310.0
6.358125,2026-05-04 22:13:16.290000+00:00,2026-05-04 18:13:16.290,122649,16,3878.0,662.0,2330.0
6.398125,2026-05-04 22:13:16.330000+00:00,2026-05-04 18:13:16.330,122649,17,3667.0,-161.0,-178.0
6.438125,2026-05-04 22:13:16.370000+00:00,2026-05-04 18:13:16.370,122649,18,3475.0,-956.0,-2172.0
6.478125,2026-05-04 22:13:16.410000+00:00,2026-05-04 18:13:16.410,122649,19,3456.0,-704.0,-3957.0
6.518125,2026-05-04 22:13:16.450000+00:00,2026-05-04 18:13:16.450,122649,20,3486.0,71.0,-4363.0
6.558125,2026-05-04 22:13:16.490000+00:00,2026-05-04 18:13:16.490,122649,21,3530.0,682.0,-3479.0
6.598125,2026-05-04 22:13:16.530000+00:00,2026-05-04 18:13:16.530,122649,22,3624.0,586.0,-1712.0
6.638125,2026-05-04 22:13:16.570000+00:00,2026-05-04 18:13:16.570,122649,23,3713.0,-338.0,1039.0
6.678125,2026-05-04 22:13:16.610000+00:00,2026-05-04 18:13:16.610,122649,24,3881.0,-881.0,3290.0
6.718125,2026-05-04 22:13:16.650000+00:00,2026-05-04 18:13:16.650,122649,25,4023.0,-552.0,4487.0
6.758125,2026-05-04 22:13:16.690000+00:00,2026-05-04 18:13:16.690,122649,26,4039.0,383.0,4414.0
6.798125,2026-05-04 22:13:16.730000+00:00,2026-05-04 18:13:16.730,122649,27,3967.0,996.0,2711.0
6.838125,2026-05-04 22:13:16.770000+00:00,2026-05-04 18:13:16.770,122649,28,3750.0,402.0,640.0
6.878125,2026-05-04 22:13:16.810000+00:00,2026-05-04 18:13:16.810,122649,29,3547.0,-631.0,-1595.0
6.918125,2026-05-04 22:13:16.850000+00:00,2026-05-04 18:13:16.850,122649,30,3477.0,-982.0,-3417.0
6.958125,2026-05-04 22:13:16.890000+00:00,2026-05-04 18:13:16.890,122649,31,3474.0,-461.0,-4019.0
6.998125,2026-05-04 22:13:16.930000+00:00,2026-05-04 18:13:16.930,122649,32,3547.0,546.0,-3643.0
7.038125,2026-05-04 22:13:16.970000+00:00,2026-05-04 18:13:16.970,122649,33,3641.0,849.0,-2053.0
7.078125,2026-05-04 22:13:17.010000+00:00,2026-05-04 18:13:17.010,122649,34,3713.0,116.0,280.0
7.118125,2026-05-04 22:13:17.050000+00:00,2026-05-04 18:13:17.050,122649,35,3853.0,-740.0,2446.0
7.158125,2026-05-04 22:13:17.090000+00:00,2026-05-04 18:13:17.090,122649,36,3962.0,-889.0,4059.0
7.198125,2026-05-04 22:13:17.130000+00:00,2026-05-04 18:13:17.130,122649,37,4025.0,-61.0,4260.0
7.238125,2026-05-04 22:13:17.170000+00:00,2026-05-04 18:13:17.170,122649,38,4006.0,907.0,3085.0
7.278125,2026-05-04 22:13:17.210000+00:00,2026-05-04 18:13:17.210,122649,39,3817.0,786.0,1244.0
7.318125,2026-05-04 22:13:17.250000+00:00,2026-05-04 18:13:17.250,122649,40,3633.0,-195.0,-1008.0
7.358125,2026-05-04 22:13:17.290000+00:00,2026-05-04 18:13:17.290,122649,41,3501.0,-989.0,-2808.0
7.398125,2026-05-04 22:13:17.330000+00:00,2026-05-04 18:13:17.330,122649,42,3478.0,-823.0,-3752.0
7.438125,2026-05-04 22:13:17.370000+00:00,2026-05-04 18:13:17.370,122649,43,3551.0,198.0,-3657.0
7.478125,2026-05-04 22:13:17.410000+00:00,2026-05-04 18:13:17.410,122649,44,3626.0,841.0,-2338.0
7.518125,2026-05-04 22:13:17.450000+00:00,2026-05-04 18:13:17.450,122649,45,3708.0,557.0,-392.0
7.558125,2026-05-04 22:13:17.490000+00:00,2026-05-04 18:13:17.490,122649,46,3822.0,-416.0,1765.0
7.598125,2026-05-04 22:13:17.530000+00:00,2026-05-04 18:13:17.530,122649,47,3919.0,-968.0,3523.0
7.638125,2026-05-04 22:13:17.570000+00:00,2026-05-04 18:13:17.570,122649,48,4018.0,-417.0,4017.0
7.678125,2026-05-04 22:13:17.610000+00:00,2026-05-04 18:13:17.610,122649,49,4006.0,603.0,3329.0
7.718125,2026-05-04 22:13:17.650000+00:00,2026-05-04 18:13:17.650,122649,50,3882.0,959.0,1673.0
7.758125,2026-05-04 22:13:17.690000+00:00,2026-05-04 18:13:17.690,122649,51,3710.0,237.0,-423.0
7.798125,2026-05-04 22:13:17.730000+00:00,2026-05-04 18:13:17.730,122649,52,3553.0,-766.0,-2225.0
7.838125,2026-05-04 22:13:17.770000+00:00,2026-05-04 18:13:17.770,122649,53,3497.0,-963.0,-3427.0
7.878125,2026-05-04 22:13:17.810000+00:00,2026-05-04 18:13:17.810,122649,54,3526.0,-191.0,-3578.0
7.918125,2026-05-04 22:13:17.850000+00:00,2026-05-04 18:13:17.850,122649,55,3607.0,683.0,-2598.0
7.958125,2026-05-04 22:13:17.890000+00:00,2026-05-04 18:13:17.890,122649,56,3717.0,781.0,-906.0
7.998125,2026-05-04 22:13:17.930000+00:00,2026-05-04 18:13:17.930,122649,57,3796.0,-53.0,1190.0
8.038125,2026-05-04 22:13:17.970000+00:00,2026-05-04 18:13:17.970,122649,58,3888.0,-855.0,2939.0
8.078125,2026-05-04 22:13:18.010000+00:00,2026-05-04 18:13:18.010,122649,59,3988.0,-696.0,3742.0
8.118125,2026-05-04 22:13:18.050000+00:00,2026-05-04 18:13:18.050,122649,60,4007.0,203.0,3439.0
8.158125,2026-05-04 22:13:18.090000+00:00,2026-05-04 18:13:18.090,122649,61,3925.0,930.0,2011.0
8.198125,2026-05-04 22:13:18.130000+00:00,2026-05-04 18:13:18.130,122649,62,3763.0,570.0,127.0
8.238125,2026-05-04 22:13:18.170000+00:00,2026-05-04 18:13:18.170,122649,63,3611.0,-435.0,-1685.0
8.278125,2026-05-04 22:13:18.210000+00:00,2026-05-04 18:13:18.210,122649,64,3528.0,-947.0,-3046.0
8.318125,2026-05-04 22:13:18.250000+00:00,2026-05-04 18:13:18.250,122649,65,3528.0,-534.0,-3384.0
8.358125,2026-05-04 22:13:18.290000+00:00,2026-05-04 18:13:18.290,122649,66,3601.0,408.0,-2768.0
8.398125,2026-05-04 22:13:18.330000+00:00,2026-05-04 18:13:18.330,122649,67,3693.0,815.0,-1303.0
8.438125,2026-05-04 22:13:18.370000+00:00,2026-05-04 18:13:18.370,122649,68,3783.0,281.0,615.0
8.478125,2026-05-04 22:13:18.410000+00:00,2026-05-04 18:13:18.410,122649,69,3874.0,-584.0,2350.0
8.518125,2026-05-04 22:13:18.450000+00:00,2026-05-04 18:13:18.450,122649,70,3960.0,-811.0,3451.0
8.558125,2026-05-04 22:13:18.490000+00:00,2026-05-04 18:13:18.490,122649,71,3981.0,-134.0,3430.0
8.598125,2026-05-04 22:13:18.530000+00:00,2026-05-04 18:13:18.530,122649,72,3947.0,727.0,2294.0
8.638125,2026-05-04 22:13:18.570000+00:00,2026-05-04 18:13:18.570,122649,73,3812.0,740.0,622.0
8.678125,2026-05-04 22:13:18.610000+00:00,2026-05-04 18:13:18.610,122649,74,3654.0,-92.0,-1190.0
8.718125,2026-05-04 22:13:18.650000+00:00,2026-05-04 18:13:18.650,122649,75,3562.0,-808.0,-2604.0
8.758125,2026-05-04 22:13:18.690000+00:00,2026-05-04 18:13:18.690,122649,76,3543.0,-711.0,-3198.0
8.798125,2026-05-04 22:13:18.730000+00:00,2026-05-04 18:13:18.730,122649,77,3594.0,133.0,-2856.0
8.838125,2026-05-04 22:13:18.770000+00:00,2026-05-04 18:13:18.770,122649,78,3693.0,726.0,-1607.0
8.878125,2026-05-04 22:13:18.810000+00:00,2026-05-04 18:13:18.810,122649,79,3771.0,502.0,120.0
8.918125,2026-05-04 22:13:18.850000+00:00,2026-05-04 18:13:18.850,122649,80,3844.0,-326.0,1836.0
8.958125,2026-05-04 22:13:18.890000+00:00,2026-05-04 18:13:18.890,122649,81,3921.0,-778.0,3090.0
8.998125,2026-05-04 22:13:18.930000+00:00,2026-05-04 18:13:18.930,122649,82,3978.0,-360.0,3297.0
9.038125,2026-05-04 22:13:18.970000+00:00,2026-05-04 18:13:18.970,122649,83,3968.0,501.0,2519.0
9.078125,2026-05-04 22:13:19.010000+00:00,2026-05-04 18:13:19.010,122649,84,3851.0,771.0,1023.0
9.118125,2026-05-04 22:13:19.050000+00:00,2026-05-04 18:13:19.050,122649,85,3720.0,179.0,-722.0
9.158125,2026-05-04 22:13:19.090000+00:00,2026-05-04 18:13:19.090,122649,86,3584.0,-632.0,-2156.0
9.198125,2026-05-04 22:13:19.130000+00:00,2026-05-04 18:13:19.130,122649,87,3560.0,-759.0,-2956.0
9.238125,2026-05-04 22:13:19.170000+00:00,2026-05-04 18:13:19.170,122649,88,3597.0,-114.0,-2857.0
9.278125,2026-05-04 22:13:19.210000+00:00,2026-05-04 18:13:19.210,122649,89,3668.0,581.0,-1844.0
9.318125,2026-05-04 22:13:19.250000+00:00,2026-05-04 18:13:19.250,122649,90,3759.0,596.0,-306.0
9.358125,2026-05-04 22:13:19.290000+00:00,2026-05-04 18:13:19.290,122649,91,3840.0,-89.0,1395.0
9.398125,2026-05-04 22:13:19.330000+00:00,2026-05-04 18:13:19.330,122649,92,3904.0,-680.0,2706.0
9.438125,2026-05-04 22:13:19.370000+00:00,2026-05-04 18:13:19.370,122649,93,3965.0,-491.0,3147.0
9.478125,2026-05-04 22:13:19.410000+00:00,2026-05-04 18:13:19.410,122649,94,3962.0,257.0,2647.0
9.518125,2026-05-04 22:13:19.450000+00:00,2026-05-04 18:13:19.450,122649,95,3881.0,733.0,1345.0
9.558125,2026-05-04 22:13:19.490000+00:00,2026-05-04 18:13:19.490,122649,96,3760.0,361.0,-294.0
9.598125,2026-05-04 22:13:19.530000+00:00,2026-05-04 18:13:19.530,122649,97,3629.0,-427.0,-1740.0
9.638125,2026-05-04 22:13:19.570000+00:00,2026-05-04 18:13:19.570,122649,98,3578.0,-730.0,-2706.0
9.678125,2026-05-04 22:13:19.610000+00:00,2026-05-04 18:13:19.610,122649,99,3578.0,-300.0,-2786.0
9.718125,2026-05-04 22:13:19.650000+00:00,2026-05-04 18:13:19.650,122649,100,3653.0,433.0,-2044.0
9.758125,2026-05-04 22:13:19.690000+00:00,2026-05-04 18:13:19.690,122650,1,3749.0,616.0,-680.0
9.798125,2026-05-04 22:13:19.730000+00:00,2026-05-04 18:13:19.730,122650,2,3819.0,79.0,971.0
9.838125,2026-05-04 22:13:19.770000+00:00,2026-05-04 18:13:19.770,122650,3,3882.0,-544.0,2291.0
9.878125,2026-05-04 22:13:19.810000+00:00,2026-05-04 18:13:19.810,122650,4,3943.0,-550.0,2960.0
9.918125,2026-05-04 22:13:19.850000+00:00,2026-05-04 18:13:19.850,122650,5,3953.0,58.0,2696.0
9.958125,2026-05-04 22:13:19.890000+00:00,2026-05-04 18:13:19.890,122650,6,3905.0,650.0,1579.0
9.998125,2026-05-04 22:13:19.930000+00:00,2026-05-04 18:13:19.930,122650,7,3782.0,471.0,126.0
10.038125,2026-05-04 22:13:19.970000+00:00,2026-05-04 18:13:19.970,122650,8,3661.0,-222.0,-1354.0
10.078125,2026-05-04 22:13:20.010000+00:00,2026-05-04 18:13:20.010,122650,9,3589.0,-676.0,-2397.0
10.118125,2026-05-04 22:13:20.050000+00:00,2026-05-04 18:13:20.050,122650,10,3606.0,-425.0,-2672.0
10.158125,2026-05-04 22:13:20.090000+00:00,2026-05-04 18:13:20.090,122650,11,3670.0,287.0,-2170.0
10.198125,2026-05-04 22:13:20.130000+00:00,2026-05-04 18:13:20.130,122650,12,3733.0,591.0,-969.0
10.238125,2026-05-04 22:13:20.170000+00:00,2026-05-04 18:13:20.170,122650,13,3815.0,227.0,541.0
10.278125,2026-05-04 22:13:20.210000+00:00,2026-05-04 18:13:20.210,122650,14,3875.0,-409.0,1896.0
10.318125,2026-05-04 22:13:20.250000+00:00,2026-05-04 18:13:20.250,122650,15,3937.0,-569.0,2729.0
10.358125,2026-05-04 22:13:20.290000+00:00,2026-05-04 18:13:20.290,122650,16,3962.0,-79.0,2671.0
10.398125,2026-05-04 22:13:20.330000+00:00,2026-05-04 18:13:20.330,122650,17,3919.0,523.0,1789.0
10.438125,2026-05-04 22:13:20.370000+00:00,2026-05-04 18:13:20.370,122650,18,3813.0,514.0,466.0
10.478125,2026-05-04 22:13:20.410000+00:00,2026-05-04 18:13:20.410,122650,19,3703.0,-68.0,-970.0
10.518125,2026-05-04 22:13:20.450000+00:00,2026-05-04 18:13:20.450,122650,20,3619.0,-602.0,-2059.0
10.558125,2026-05-04 22:13:20.490000+00:00,2026-05-04 18:13:20.490,122650,21,3597.0,-492.0,-2516.0
10.598125,2026-05-04 22:13:20.530000+00:00,2026-05-04 18:13:20.530,122650,22,3671.0,145.0,-2244.0
10.638125,2026-05-04 22:13:20.570000+00:00,2026-05-04 18:13:20.570,122650,23,3720.0,558.0,-1218.0
10.678125,2026-05-04 22:13:20.610000+00:00,2026-05-04 18:13:20.610,122650,24,3793.0,307.0,170.0
10.718125,2026-05-04 22:13:20.650000+00:00,2026-05-04 18:13:20.650,122650,25,3858.0,-297.0,1538.0
10.758125,2026-05-04 22:13:20.690000+00:00,2026-05-04 18:13:20.690,122650,26,3918.0,-563.0,2473.0
10.798125,2026-05-04 22:13:20.730000+00:00,2026-05-04 18:13:20.730,122650,27,3943.0,-165.0,2578.0
10.838125,2026-05-04 22:13:20.770000+00:00,2026-05-04 18:13:20.770,122650,28,3933.0,416.0,1951.0
10.878125,2026-05-04 22:13:20.810000+00:00,2026-05-04 18:13:20.810,122650,29,3848.0,546.0,742.0
10.918125,2026-05-04 22:13:20.850000+00:00,2026-05-04 18:13:20.850,122650,30,3726.0,26.0,-623.0
10.958125,2026-05-04 22:13:20.890000+00:00,2026-05-04 18:13:20.890,122650,31,3649.0,-519.0,-1747.0
10.998125,2026-05-04 22:13:20.930000+00:00,2026-05-04 18:13:20.930,122650,32,3615.0,-489.0,-2360.0
11.038125,2026-05-04 22:13:20.970000+00:00,2026-05-04 18:13:20.970,122650,33,3648.0,42.0,-2229.0
11.078125,2026-05-04 22:13:21.010000+00:00,2026-05-04 18:13:21.010,122650,34,3719.0,489.0,-1415.0
11.118125,2026-05-04 22:13:21.050000+00:00,2026-05-04 18:13:21.050,122650,35,3778.0,378.0,-160.0
11.158125,2026-05-04 22:13:21.090000+00:00,2026-05-04 18:13:21.090,122650,36,3833.0,-198.0,1189.0
11.198125,2026-05-04 22:13:21.130000+00:00,2026-05-04 18:13:21.130,122650,37,3900.0,-522.0,2176.0
11.238125,2026-05-04 22:13:21.170000+00:00,2026-05-04 18:13:21.170,122650,38,3934.0,-242.0,2483.0
11.278125,2026-05-04 22:13:21.210000+00:00,2026-05-04 18:13:21.210,122650,39,3934.0,324.0,2047.0
11.318125,2026-05-04 22:13:21.250000+00:00,2026-05-04 18:13:21.250,122650,40,3869.0,556.0,982.0
11.358125,2026-05-04 22:13:21.290000+00:00,2026-05-04 18:13:21.290,122650,41,3761.0,136.0,-308.0
11.398125,2026-05-04 22:13:21.330000+00:00,2026-05-04 18:13:21.330,122650,42,3688.0,-423.0,-1465.0
11.438125,2026-05-04 22:13:21.370000+00:00,2026-05-04 18:13:21.370,122650,43,3626.0,-518.0,-2152.0
11.478125,2026-05-04 22:13:21.410000+00:00,2026-05-04 18:13:21.410,122650,44,3642.0,-60.0,-2163.0
11.518125,2026-05-04 22:13:21.450000+00:00,2026-05-04 18:13:21.450,122650,45,3720.0,442.0,-1555.0
11.558125,2026-05-04 22:13:21.490000+00:00,2026-05-04 18:13:21.490,122650,46,3778.0,425.0,-430.0
11.598125,2026-05-04 22:13:21.530000+00:00,2026-05-04 18:13:21.530,122650,47,3825.0,-91.0,850.0
11.638125,2026-05-04 22:13:21.570000+00:00,2026-05-04 18:13:21.570,122650,48,3877.0,-485.0,1878.0
11.678125,2026-05-04 22:13:21.610000+00:00,2026-05-04 18:13:21.610,122650,49,3929.0,-326.0,2346.0
11.718125,2026-05-04 22:13:21.650000+00:00,2026-05-04 18:13:21.650,122650,50,3942.0,224.0,2071.0
11.758125,2026-05-04 22:13:21.690000+00:00,2026-05-04 18:13:21.690,122650,51,3911.0,554.0,1175.0
11.798125,2026-05-04 22:13:21.730000+00:00,2026-05-04 18:13:21.730,122650,52,3796.0,233.0,-9.0
11.838125,2026-05-04 22:13:21.770000+00:00,2026-05-04 18:13:21.770,122650,53,3693.0,-326.0,-1147.0
11.878125,2026-05-04 22:13:21.810000+00:00,2026-05-04 18:13:21.810,122650,54,3644.0,-526.0,-1917.0
11.918125,2026-05-04 22:13:21.850000+00:00,2026-05-04 18:13:21.850,122650,55,3655.0,-163.0,-2110.0
11.958125,2026-05-04 22:13:21.890000+00:00,2026-05-04 18:13:21.890,122650,56,3706.0,374.0,-1649.0
11.998125,2026-05-04 22:13:21.930000+00:00,2026-05-04 18:13:21.930,122650,57,3769.0,451.0,-663.0
12.038125,2026-05-04 22:13:21.970000+00:00,2026-05-04 18:13:21.970,122650,58,3817.0,11.0,544.0
12.078125,2026-05-04 22:13:22.010000+00:00,2026-05-04 18:13:22.010,122650,59,3873.0,-423.0,1611.0
12.118125,2026-05-04 22:13:22.050000+00:00,2026-05-04 18:13:22.050,122650,60,3923.0,-376.0,2191.0
12.158125,2026-05-04 22:13:22.090000+00:00,2026-05-04 18:13:22.090,122650,61,3945.0,128.0,2071.0
12.198125,2026-05-04 22:13:22.130000+00:00,2026-05-04 18:13:22.130,122650,62,3896.0,502.0,1339.0
12.238125,2026-05-04 22:13:22.170000+00:00,2026-05-04 18:13:22.170,122650,63,3796.0,314.0,266.0
12.278125,2026-05-04 22:13:22.210000+00:00,2026-05-04 18:13:22.210,122650,64,3711.0,-226.0,-863.0
12.318125,2026-05-04 22:13:22.250000+00:00,2026-05-04 18:13:22.250,122650,65,3650.0,-524.0,-1706.0
12.358125,2026-05-04 22:13:22.290000+00:00,2026-05-04 18:13:22.290,122650,66,3655.0,-241.0,-2013.0
12.398125,2026-05-04 22:13:22.330000+00:00,2026-05-04 18:13:22.330,122650,67,3690.0,281.0,-1713.0
12.438125,2026-05-04 22:13:22.370000+00:00,2026-05-04 18:13:22.370,122650,68,3754.0,464.0,-847.0
12.478125,2026-05-04 22:13:22.410000+00:00,2026-05-04 18:13:22.410,122650,69,3814.0,114.0,266.0
12.518125,2026-05-04 22:13:22.450000+00:00,2026-05-04 18:13:22.450,122650,70,3858.0,-367.0,1323.0
12.558125,2026-05-04 22:13:22.490000+00:00,2026-05-04 18:13:22.490,122650,71,3903.0,-414.0,1986.0
12.598125,2026-05-04 22:13:22.530000+00:00,2026-05-04 18:13:22.530,122650,72,3926.0,12.0,2026.0
12.638125,2026-05-04 22:13:22.570000+00:00,2026-05-04 18:13:22.570,122650,73,3916.0,447.0,1476.0
12.678125,2026-05-04 22:13:22.610000+00:00,2026-05-04 18:13:22.610,122650,74,3839.0,374.0,493.0
12.718125,2026-05-04 22:13:22.650000+00:00,2026-05-04 18:13:22.650,122650,75,3733.0,-116.0,-604.0
12.758125,2026-05-04 22:13:22.690000+00:00,2026-05-04 18:13:22.690,122650,76,3661.0,-485.0,-1468.0
12.798125,2026-05-04 22:13:22.730000+00:00,2026-05-04 18:13:22.730,122650,77,3661.0,-315.0,-1892.0
12.838125,2026-05-04 22:13:22.770000+00:00,2026-05-04 18:13:22.770,122650,78,3691.0,196.0,-1716.0
12.878125,2026-05-04 22:13:22.810000+00:00,2026-05-04 18:13:22.810,122650,79,3749.0,461.0,-1007.0
12.918125,2026-05-04 22:13:22.850000+00:00,2026-05-04 18:13:22.850,122650,80,3795.0,199.0,15.0
12.958125,2026-05-04 22:13:22.890000+00:00,2026-05-04 18:13:22.890,122650,81,3841.0,-295.0,1064.0
12.998125,2026-05-04 22:13:22.930000+00:00,2026-05-04 18:13:22.930,122650,82,3890.0,-424.0,1797.0
13.038125,2026-05-04 22:13:22.970000+00:00,2026-05-04 18:13:22.970,122650,83,3920.0,-84.0,1963.0
13.078125,2026-05-04 22:13:23.010000+00:00,2026-05-04 18:13:23.010,122650,84,3924.0,395.0,1536.0
13.118125,2026-05-04 22:13:23.050000+00:00,2026-05-04 18:13:23.050,122650,85,3852.0,420.0,676.0
13.158125,2026-05-04 22:13:23.090000+00:00,2026-05-04 18:13:23.090,122650,86,3767.0,-12.0,-354.0
13.198125,2026-05-04 22:13:23.130000+00:00,2026-05-04 18:13:23.130,122650,87,3686.0,-442.0,-1235.0
13.238125,2026-05-04 22:13:23.170000+00:00,2026-05-04 18:13:23.170,122650,88,3667.0,-372.0,-1729.0
13.278125,2026-05-04 22:13:23.210000+00:00,2026-05-04 18:13:23.210,122650,89,3699.0,92.0,-1699.0
13.318125,2026-05-04 22:13:23.250000+00:00,2026-05-04 18:13:23.250,122650,90,3739.0,429.0,-1135.0
13.358125,2026-05-04 22:13:23.290000+00:00,2026-05-04 18:13:23.290,122650,91,3785.0,268.0,-200.0
13.398125,2026-05-04 22:13:23.330000+00:00,2026-05-04 18:13:23.330,122650,92,3844.0,-207.0,816.0
13.438125,2026-05-04 22:13:23.370000+00:00,2026-05-04 18:13:23.370,122650,93,3880.0,-430.0,1589.0
13.478125,2026-05-04 22:13:23.410000+00:00,2026-05-04 18:13:23.410,122650,94,3900.0,-163.0,1877.0
13.518125,2026-05-04 22:13:23.450000+00:00,2026-05-04 18:13:23.450,122650,95,3921.0,319.0,1579.0
13.558125,2026-05-04 22:13:23.490000+00:00,2026-05-04 18:13:23.490,122650,96,3875.0,436.0,832.0
13.598125,2026-05-04 22:13:23.530000+00:00,2026-05-04 18:13:23.530,122650,97,3792.0,85.0,-130.0
13.638125,2026-05-04 22:13:23.570000+00:00,2026-05-04 18:13:23.570,122650,98,3715.0,-377.0,-1017.0
13.678125,2026-05-04 22:13:23.610000+00:00,2026-05-04 18:13:23.610,122650,99,3688.0,-398.0,-1591.0
13.718125,2026-05-04 22:13:23.650000+00:00,2026-05-04 18:13:23.650,122650,100,3688.0,-3.0,-1668.0
13.758125,2026-05-04 22:13:23.690000+00:00,2026-05-04 18:13:23.690,122651,1,3730.0,384.0,-1222.0
13.798125,2026-05-04 22:13:23.730000+00:00,2026-05-04 18:13:23.730,122651,2,3772.0,319.0,-394.0
13.838125,2026-05-04 22:13:23.770000+00:00,2026-05-04 18:13:23.770,122651,3,3824.0,-109.0,585.0
13.878125,2026-05-04 22:13:23.810000+00:00,2026-05-04 18:13:23.810,122651,4,3854.0,-402.0,1390.0
13.918125,2026-05-04 22:13:23.850000+00:00,2026-05-04 18:13:23.850,122651,5,3894.0,-226.0,1753.0
13.958125,2026-05-04 22:13:23.890000+00:00,2026-05-04 18:13:23.890,122651,6,3921.0,209.0,1595.0
13.998125,2026-05-04 22:13:23.930000+00:00,2026-05-04 18:13:23.930,122651,7,3884.0,438.0,960.0
14.038125,2026-05-04 22:13:23.970000+00:00,2026-05-04 18:13:23.970,122651,8,3798.0,157.0,81.0
14.078125,2026-05-04 22:13:24.010000+00:00,2026-05-04 18:13:24.010,122651,9,3724.0,-285.0,-810.0
14.118125,2026-05-04 22:13:24.050000+00:00,2026-05-04 18:13:24.050,122651,10,3683.0,-412.0,-1432.0
14.158125,2026-05-04 22:13:24.090000+00:00,2026-05-04 18:13:24.090,122651,11,3697.0,-96.0,-1591.0
14.198125,2026-05-04 22:13:24.130000+00:00,2026-05-04 18:13:24.130,122651,12,3745.0,318.0,-1280.0
14.238125,2026-05-04 22:13:24.170000+00:00,2026-05-04 18:13:24.170,122651,13,3792.0,360.0,-552.0
14.278125,2026-05-04 22:13:24.210000+00:00,2026-05-04 18:13:24.210,122651,14,3822.0,-31.0,376.0
14.318125,2026-05-04 22:13:24.250000+00:00,2026-05-04 18:13:24.250,122651,15,3852.0,-367.0,1197.0
14.358125,2026-05-04 22:13:24.290000+00:00,2026-05-04 18:13:24.290,122651,16,3891.0,-279.0,1628.0
14.398125,2026-05-04 22:13:24.330000+00:00,2026-05-04 18:13:24.330,122651,17,3914.0,147.0,1587.0
14.438125,2026-05-04 22:13:24.370000+00:00,2026-05-04 18:13:24.370,122651,18,3884.0,413.0,1060.0
14.478125,2026-05-04 22:13:24.410000+00:00,2026-05-04 18:13:24.410,122651,19,3813.0,230.0,238.0
14.518125,2026-05-04 22:13:24.450000+00:00,2026-05-04 18:13:24.450,122651,20,3756.0,-197.0,-603.0
14.558125,2026-05-04 22:13:24.490000+00:00,2026-05-04 18:13:24.490,122651,21,3697.0,-401.0,-1264.0
14.598125,2026-05-04 22:13:24.530000+00:00,2026-05-04 18:13:24.530,122651,22,3701.0,-146.0,-1519.0
14.638125,2026-05-04 22:13:24.570000+00:00,2026-05-04 18:13:24.570,122651,23,3727.0,261.0,-1290.0
14.678125,2026-05-04 22:13:24.610000+00:00,2026-05-04 18:13:24.610,122651,24,3770.0,351.0,-671.0
14.718125,2026-05-04 22:13:24.650000+00:00,2026-05-04 18:13:24.650,122651,25,3800.0,59.0,168.0
14.758125,2026-05-04 22:13:24.690000+00:00,2026-05-04 18:13:24.690,122651,26,3846.0,-287.0,996.0
14.798125,2026-05-04 22:13:24.730000+00:00,2026-05-04 18:13:24.730,122651,27,3868.0,-306.0,1513.0
14.838125,2026-05-04 22:13:24.770000+00:00,2026-05-04 18:13:24.770,122651,28,3914.0,51.0,1549.0
14.878125,2026-05-04 22:13:24.810000+00:00,2026-05-04 18:13:24.810,122651,29,3896.0,384.0,1121.0
14.918125,2026-05-04 22:13:24.850000+00:00,2026-05-04 18:13:24.850,122651,30,3837.0,281.0,394.0
14.958125,2026-05-04 22:13:24.890000+00:00,2026-05-04 18:13:24.890,122651,31,3755.0,-119.0,-429.0
14.998125,2026-05-04 22:13:24.930000+00:00,2026-05-04 18:13:24.930,122651,32,3704.0,-381.0,-1105.0
15.038125,2026-05-04 22:13:24.970000+00:00,2026-05-04 18:13:24.970,122651,33,3696.0,-206.0,-1413.0
15.078125,2026-05-04 22:13:25.010000+00:00,2026-05-04 18:13:25.010,122651,34,3727.0,183.0,-1310.0
15.118125,2026-05-04 22:13:25.050000+00:00,2026-05-04 18:13:25.050,122651,35,3766.0,368.0,-763.0
15.158125,2026-05-04 22:13:25.090000+00:00,2026-05-04 18:13:25.090,122651,36,3802.0,126.0,9.0
15.198125,2026-05-04 22:13:25.130000+00:00,2026-05-04 18:13:25.130,122651,37,3843.0,-256.0,800.0
15.238125,2026-05-04 22:13:25.170000+00:00,2026-05-04 18:13:25.170,122651,38,3860.0,-327.0,1372.0
15.278125,2026-05-04 22:13:25.210000+00:00,2026-05-04 18:13:25.210,122651,39,3890.0,-18.0,1497.0
15.318125,2026-05-04 22:13:25.250000+00:00,2026-05-04 18:13:25.250,122651,40,3889.0,342.0,1179.0
15.358125,2026-05-04 22:13:25.290000+00:00,2026-05-04 18:13:25.290,122651,41,3853.0,316.0,539.0
15.398125,2026-05-04 22:13:25.330000+00:00,2026-05-04 18:13:25.330,122651,42,3778.0,-52.0,-251.0
15.438125,2026-05-04 22:13:25.370000+00:00,2026-05-04 18:13:25.370,122651,43,3717.0,-347.0,-928.0
15.478125,2026-05-04 22:13:25.410000+00:00,2026-05-04 18:13:25.410,122651,44,3709.0,-247.0,-1321.0
15.518125,2026-05-04 22:13:25.450000+00:00,2026-05-04 18:13:25.450,122651,45,3719.0,108.0,-1303.0
15.558125,2026-05-04 22:13:25.490000+00:00,2026-05-04 18:13:25.490,122651,46,3768.0,335.0,-859.0
15.598125,2026-05-04 22:13:25.530000+00:00,2026-05-04 18:13:25.530,122651,47,3796.0,179.0,-141.0
15.638125,2026-05-04 22:13:25.570000+00:00,2026-05-04 18:13:25.570,122651,48,3835.0,-178.0,631.0
15.678125,2026-05-04 22:13:25.610000+00:00,2026-05-04 18:13:25.610,122651,49,3858.0,-326.0,1235.0
15.718125,2026-05-04 22:13:25.650000+00:00,2026-05-04 18:13:25.650,122651,50,3892.0,-80.0,1426.0
15.758125,2026-05-04 22:13:25.690000+00:00,2026-05-04 18:13:25.690,122651,51,3884.0,261.0,1211.0
15.798125,2026-05-04 22:13:25.730000+00:00,2026-05-04 18:13:25.730,122651,52,3860.0,343.0,638.0
15.838125,2026-05-04 22:13:25.770000+00:00,2026-05-04 18:13:25.770,122651,53,3782.0,19.0,-98.0
15.878125,2026-05-04 22:13:25.810000+00:00,2026-05-04 18:13:25.810,122651,54,3721.0,-297.0,-769.0
15.918125,2026-05-04 22:13:25.850000+00:00,2026-05-04 18:13:25.850,122651,55,3706.0,-280.0,-1207.0
15.958125,2026-05-04 22:13:25.890000+00:00,2026-05-04 18:13:25.890,122651,56,3729.0,54.0,-1264.0
15.998125,2026-05-04 22:13:25.930000+00:00,2026-05-04 18:13:25.930,122651,57,3762.0,319.0,-912.0
16.038125,2026-05-04 22:13:25.970000+00:00,2026-05-04 18:13:25.970,122651,58,3799.0,217.0,-275.0
16.078125,2026-05-04 22:13:26.010000+00:00,2026-05-04 18:13:26.010,122651,59,3825.0,-107.0,483.0
16.118125,2026-05-04 22:13:26.050000+00:00,2026-05-04 18:13:26.050,122651,60,3852.0,-306.0,1082.0
16.158125,2026-05-04 22:13:26.090000+00:00,2026-05-04 18:13:26.090,122651,61,3891.0,-130.0,1363.0
16.198125,2026-05-04 22:13:26.130000+00:00,2026-05-04 18:13:26.130,122651,62,3895.0,217.0,1208.0
16.238125,2026-05-04 22:13:26.170000+00:00,2026-05-04 18:13:26.170,122651,63,3856.0,325.0,717.0
16.278125,2026-05-04 22:13:26.210000+00:00,2026-05-04 18:13:26.210,122651,64,3799.0,92.0,42.0
16.318125,2026-05-04 22:13:26.250000+00:00,2026-05-04 18:13:26.250,122651,65,3732.0,-238.0,-638.0
16.358125,2026-05-04 22:13:26.290000+00:00,2026-05-04 18:13:26.290,122651,66,3727.0,-288.0,-1096.0
16.398125,2026-05-04 22:13:26.330000+00:00,2026-05-04 18:13:26.330,122651,67,3737.0,-15.0,-1219.0
16.438125,2026-05-04 22:13:26.370000+00:00,2026-05-04 18:13:26.370,122651,68,3762.0,274.0,-961.0
16.478125,2026-05-04 22:13:26.410000+00:00,2026-05-04 18:13:26.410,122651,69,3778.0,271.0,-386.0
16.518125,2026-05-04 22:13:26.450000+00:00,2026-05-04 18:13:26.450,122651,70,3817.0,-53.0,310.0
16.558125,2026-05-04 22:13:26.490000+00:00,2026-05-04 18:13:26.490,122651,71,3842.0,-278.0,940.0
16.598125,2026-05-04 22:13:26.530000+00:00,2026-05-04 18:13:26.530,122651,72,3881.0,-175.0,1264.0
16.638125,2026-05-04 22:13:26.570000+00:00,2026-05-04 18:13:26.570,122651,73,3899.0,144.0,1200.0
16.678125,2026-05-04 22:13:26.610000+00:00,2026-05-04 18:13:26.610,122651,74,3880.0,314.0,791.0
16.718125,2026-05-04 22:13:26.650000+00:00,2026-05-04 18:13:26.650,122651,75,3810.0,151.0,183.0
16.758125,2026-05-04 22:13:26.690000+00:00,2026-05-04 18:13:26.690,122651,76,3766.0,-190.0,-481.0
16.798125,2026-05-04 22:13:26.730000+00:00,2026-05-04 18:13:26.730,122651,77,3730.0,-304.0,-982.0
16.838125,2026-05-04 22:13:26.770000+00:00,2026-05-04 18:13:26.770,122651,78,3731.0,-68.0,-1157.0
16.878125,2026-05-04 22:13:26.810000+00:00,2026-05-04 18:13:26.810,122651,79,3749.0,227.0,-976.0
16.918125,2026-05-04 22:13:26.850000+00:00,2026-05-04 18:13:26.850,122651,80,3775.0,262.0,-467.0
16.958125,2026-05-04 22:13:26.890000+00:00,2026-05-04 18:13:26.890,122651,81,3803.0,-1.0,188.0
16.998125,2026-05-04 22:13:26.930000+00:00,2026-05-04 18:13:26.930,122651,82,3833.0,-244.0,795.0
17.038125,2026-05-04 22:13:26.970000+00:00,2026-05-04 18:13:26.970,122651,83,3860.0,-186.0,1178.0
17.078125,2026-05-04 22:13:27.010000+00:00,2026-05-04 18:13:27.010,122651,84,3885.0,85.0,1193.0
17.118125,2026-05-04 22:13:27.050000+00:00,2026-05-04 18:13:27.050,122651,85,3875.0,288.0,845.0
17.158125,2026-05-04 22:13:27.090000+00:00,2026-05-04 18:13:27.090,122651,86,3820.0,183.0,279.0
17.198125,2026-05-04 22:13:27.130000+00:00,2026-05-04 18:13:27.130,122651,87,3779.0,-124.0,-355.0
17.238125,2026-05-04 22:13:27.170000+00:00,2026-05-04 18:13:27.170,122651,88,3729.0,-265.0,-869.0
17.278125,2026-05-04 22:13:27.210000+00:00,2026-05-04 18:13:27.210,122651,89,3721.0,-132.0,-1110.0
17.318125,2026-05-04 22:13:27.250000+00:00,2026-05-04 18:13:27.250,122651,90,3743.0,170.0,-990.0
17.358125,2026-05-04 22:13:27.290000+00:00,2026-05-04 18:13:27.290,122651,91,3786.0,255.0,-549.0
17.398125,2026-05-04 22:13:27.330000+00:00,2026-05-04 18:13:27.330,122651,92,3809.0,65.0,84.0
17.438125,2026-05-04 22:13:27.370000+00:00,2026-05-04 18:13:27.370,122651,93,3836.0,-163.0,687.0
17.478125,2026-05-04 22:13:27.410000+00:00,2026-05-04 18:13:27.410,122651,94,3865.0,-196.0,1096.0
17.518125,2026-05-04 22:13:27.450000+00:00,2026-05-04 18:13:27.450,122651,95,3877.0,21.0,1170.0
17.558125,2026-05-04 22:13:27.490000+00:00,2026-05-04 18:13:27.490,122651,96,3883.0,209.0,888.0
17.598125,2026-05-04 22:13:27.530000+00:00,2026-05-04 18:13:27.530,122651,97,3832.0,197.0,370.0
17.638125,2026-05-04 22:13:27.570000+00:00,2026-05-04 18:13:27.570,122651,98,3789.0,-24.0,-235.0
17.678125,2026-05-04 22:13:27.610000+00:00,2026-05-04 18:13:27.610,122651,99,3752.0,-171.0,-766.0
17.718125,2026-05-04 22:13:27.650000+00:00,2026-05-04 18:13:27.650,122651,100,3728.0,-151.0,-1024.0
17.758125,2026-05-04 22:13:27.690000+00:00,2026-05-04 18:13:27.690,122652,1,3748.0,40.0,-991.0
17.798125,2026-05-04 22:13:27.730000+00:00,2026-05-04 18:13:27.730,122652,2,3773.0,194.0,-633.0
17.838125,2026-05-04 22:13:27.770000+00:00,2026-05-04 18:13:27.770,122652,3,3804.0,123.0,-59.0
17.878125,2026-05-04 22:13:27.810000+00:00,2026-05-04 18:13:27.810,122652,4,3832.0,-57.0,523.0
17.918125,2026-05-04 22:13:27.850000+00:00,2026-05-04 18:13:27.850,122652,5,3852.0,-197.0,973.0
17.958125,2026-05-04 22:13:27.890000+00:00,2026-05-04 18:13:27.890,122652,6,3870.0,-105.0,1119.0
17.998125,2026-05-04 22:13:27.930000+00:00,2026-05-04 18:13:27.930,122652,7,3877.0,120.0,931.0
18.038125,2026-05-04 22:13:27.970000+00:00,2026-05-04 18:13:27.970,122652,8,3841.0,207.0,467.0
18.078125,2026-05-04 22:13:28.010000+00:00,2026-05-04 18:13:28.010,122652,9,3800.0,83.0,-100.0
18.118125,2026-05-04 22:13:28.050000+00:00,2026-05-04 18:13:28.050,122652,10,3757.0,-93.0,-602.0
18.158125,2026-05-04 22:13:28.090000+00:00,2026-05-04 18:13:28.090,122652,11,3739.0,-151.0,-918.0
18.198125,2026-05-04 22:13:28.130000+00:00,2026-05-04 18:13:28.130,122652,12,3730.0,-99.0,-932.0
18.238125,2026-05-04 22:13:28.170000+00:00,2026-05-04 18:13:28.170,122652,13,3768.0,61.0,-673.0
18.278125,2026-05-04 22:13:28.210000+00:00,2026-05-04 18:13:28.210,122652,14,3796.0,158.0,-204.0
18.318125,2026-05-04 22:13:28.250000+00:00,2026-05-04 18:13:28.250,122652,15,3821.0,99.0,343.0
18.358125,2026-05-04 22:13:28.290000+00:00,2026-05-04 18:13:28.290,122652,16,3857.0,-40.0,801.0
18.398125,2026-05-04 22:13:28.330000+00:00,2026-05-04 18:13:28.330,122652,17,3865.0,-120.0,991.0
18.438125,2026-05-04 22:13:28.370000+00:00,2026-05-04 18:13:28.370,122652,18,3857.0,-55.0,931.0
18.478125,2026-05-04 22:13:28.410000+00:00,2026-05-04 18:13:28.410,122652,19,3850.0,75.0,608.0
18.518125,2026-05-04 22:13:28.450000+00:00,2026-05-04 18:13:28.450,122652,20,3822.0,130.0,92.0
18.558125,2026-05-04 22:13:28.490000+00:00,2026-05-04 18:13:28.490,122652,21,3779.0,44.0,-372.0
18.598125,2026-05-04 22:13:28.530000+00:00,2026-05-04 18:13:28.530,122652,22,3745.0,-53.0,-759.0
18.638125,2026-05-04 22:13:28.570000+00:00,2026-05-04 18:13:28.570,122652,23,3751.0,-83.0,-885.0
18.678125,2026-05-04 22:13:28.610000+00:00,2026-05-04 18:13:28.610,122652,24,3764.0,-24.0,-710.0
18.718125,2026-05-04 22:13:28.650000+00:00,2026-05-04 18:13:28.650,122652,25,3786.0,65.0,-341.0
18.758125,2026-05-04 22:13:28.690000+00:00,2026-05-04 18:13:28.690,122652,26,3825.0,94.0,162.0
18.798125,2026-05-04 22:13:28.730000+00:00,2026-05-04 18:13:28.730,122652,27,3837.0,25.0,628.0
18.838125,2026-05-04 22:13:28.770000+00:00,2026-05-04 18:13:28.770,122652,28,3868.0,-44.0,888.0
18.878125,2026-05-04 22:13:28.810000+00:00,2026-05-04 18:13:28.810,122652,29,3858.0,-62.0,940.0
18.918125,2026-05-04 22:13:28.850000+00:00,2026-05-04 18:13:28.850,122652,30,3844.0,30.0,658.0
18.958125,2026-05-04 22:13:28.890000+00:00,2026-05-04 18:13:28.890,122652,31,3821.0,79.0,220.0
18.998125,2026-05-04 22:13:28.930000+00:00,2026-05-04 18:13:28.930,122652,32,3796.0,57.0,-230.0
19.038125,2026-05-04 22:13:28.970000+00:00,2026-05-04 18:13:28.970,122652,33,3779.0,-8.0,-629.0
19.078125,2026-05-04 22:13:29.010000+00:00,2026-05-04 18:13:29.010,122652,34,3749.0,-72.0,-808.0
19.118125,2026-05-04 22:13:29.050000+00:00,2026-05-04 18:13:29.050,122652,35,3766.0,-32.0,-738.0
19.158125,2026-05-04 22:13:29.090000+00:00,2026-05-04 18:13:29.090,122652,36,3783.0,26.0,-438.0
19.198125,2026-05-04 22:13:29.130000+00:00,2026-05-04 18:13:29.130,122652,37,3804.0,68.0,57.0
19.238125,2026-05-04 22:13:29.170000+00:00,2026-05-04 18:13:29.170,122652,38,3842.0,39.0,491.0
19.278125,2026-05-04 22:13:29.210000+00:00,2026-05-04 18:13:29.210,122652,39,3867.0,-13.0,807.0
19.318125,2026-05-04 22:13:29.250000+00:00,2026-05-04 18:13:29.250,122652,40,3854.0,-35.0,892.0
19.358125,2026-05-04 22:13:29.290000+00:00,2026-05-04 18:13:29.290,122652,41,3844.0,-4.0,702.0
19.398125,2026-05-04 22:13:29.330000+00:00,2026-05-04 18:13:29.330,122652,42,3820.0,39.0,334.0
19.438125,2026-05-04 22:13:29.370000+00:00,2026-05-04 18:13:29.370,122652,43,3805.0,46.0,-127.0
19.478125,2026-05-04 22:13:29.410000+00:00,2026-05-04 18:13:29.410,122652,44,3776.0,21.0,-522.0
19.518125,2026-05-04 22:13:29.450000+00:00,2026-05-04 18:13:29.450,122652,45,3759.0,-22.0,-734.0
19.558125,2026-05-04 22:13:29.490000+00:00,2026-05-04 18:13:29.490,122652,46,3744.0,-33.0,-721.0
19.598125,2026-05-04 22:13:29.530000+00:00,2026-05-04 18:13:29.530,122652,47,3762.0,4.0,-482.0
19.638125,2026-05-04 22:13:29.570000+00:00,2026-05-04 18:13:29.570,122652,48,3809.0,43.0,-71.0
19.678125,2026-05-04 22:13:29.610000+00:00,2026-05-04 18:13:29.610,122652,49,3832.0,27.0,357.0
19.718125,2026-05-04 22:13:29.650000+00:00,2026-05-04 18:13:29.650,122652,50,3859.0,3.0,727.0
19.758125,2026-05-04 22:13:29.690000+00:00,2026-05-04 18:13:29.690,122652,51,3854.0,-27.0,838.0
19.798125,2026-05-04 22:13:29.730000+00:00,2026-05-04 18:13:29.730,122652,52,3857.0,-1.0,720.0
19.838125,2026-05-04 22:13:29.770000+00:00,2026-05-04 18:13:29.770,122652,53,3838.0,32.0,416.0
19.878125,2026-05-04 22:13:29.810000+00:00,2026-05-04 18:13:29.810,122652,54,3794.0,36.0,-22.0
19.918125,2026-05-04 22:13:29.850000+00:00,2026-05-04 18:13:29.850,122652,55,3781.0,1.0,-406.0
19.958125,2026-05-04 22:13:29.890000+00:00,2026-05-04 18:13:29.890,122652,56,3763.0,-8.0,-656.0
19.998125,2026-05-04 22:13:29.930000+00:00,2026-05-04 18:13:29.930,122652,57,3773.0,-11.0,-701.0
20.038125,2026-05-04 22:13:29.970000+00:00,2026-05-04 18:13:29.970,122652,58,3784.0,10.0,-501.0
20.078125,2026-05-04 22:13:30.010000+00:00,2026-05-04 18:13:30.010,122652,59,3799.0,38.0,-152.0
20.118125,2026-05-04 22:13:30.050000+00:00,2026-05-04 18:13:30.050,122652,60,3827.0,36.0,262.0
20.158125,2026-05-04 22:13:30.090000+00:00,2026-05-04 18:13:30.090,122652,61,3845.0,12.0,613.0
20.198125,2026-05-04 22:13:30.130000+00:00,2026-05-04 18:13:30.130,122652,62,3854.0,-3.0,776.0
20.238125,2026-05-04 22:13:30.170000+00:00,2026-05-04 18:13:30.170,122652,63,3865.0,-8.0,728.0
20.278125,2026-05-04 22:13:30.210000+00:00,2026-05-04 18:13:30.210,122652,64,3835.0,24.0,483.0
20.318125,2026-05-04 22:13:30.250000+00:00,2026-05-04 18:13:30.250,122652,65,3820.0,37.0,74.0
20.358125,2026-05-04 22:13:30.290000+00:00,2026-05-04 18:13:30.290,122652,66,3794.0,19.0,-306.0
20.398125,2026-05-04 22:13:30.330000+00:00,2026-05-04 18:13:30.330,122652,67,3765.0,-3.0,-581.0
20.438125,2026-05-04 22:13:30.370000+00:00,2026-05-04 18:13:30.370,122652,68,3761.0,-7.0,-673.0
20.478125,2026-05-04 22:13:30.410000+00:00,2026-05-04 18:13:30.410,122652,69,3769.0,9.0,-538.0
20.518125,2026-05-04 22:13:30.450000+00:00,2026-05-04 18:13:30.450,122652,70,3797.0,19.0,-233.0
20.558125,2026-05-04 22:13:30.490000+00:00,2026-05-04 18:13:30.490,122652,71,3820.0,25.0,147.0
20.598125,2026-05-04 22:13:30.530000+00:00,2026-05-04 18:13:30.530,122652,72,3847.0,17.0,519.0
20.638125,2026-05-04 22:13:30.570000+00:00,2026-05-04 18:13:30.570,122652,73,3861.0,-2.0,724.0
20.678125,2026-05-04 22:13:30.610000+00:00,2026-05-04 18:13:30.610,122652,74,3863.0,14.0,716.0
20.718125,2026-05-04 22:13:30.650000+00:00,2026-05-04 18:13:30.650,122652,75,3839.0,28.0,519.0
20.758125,2026-05-04 22:13:30.690000+00:00,2026-05-04 18:13:30.690,122652,76,3825.0,30.0,154.0
20.798125,2026-05-04 22:13:30.730000+00:00,2026-05-04 18:13:30.730,122652,77,3797.0,-5.0,-204.0
20.838125,2026-05-04 22:13:30.770000+00:00,2026-05-04 18:13:30.770,122652,78,3754.0,-12.0,-504.0
20.878125,2026-05-04 22:13:30.810000+00:00,2026-05-04 18:13:30.810,122652,79,3769.0,-9.0,-636.0
20.918125,2026-05-04 22:13:30.850000+00:00,2026-05-04 18:13:30.850,122652,80,3760.0,13.0,-548.0
20.958125,2026-05-04 22:13:30.890000+00:00,2026-05-04 18:13:30.890,122652,81,3786.0,41.0,-295.0
20.998125,2026-05-04 22:13:30.930000+00:00,2026-05-04 18:13:30.930,122652,82,3805.0,27.0,78.0
21.038125,2026-05-04 22:13:30.970000+00:00,2026-05-04 18:13:30.970,122652,83,3837.0,12.0,437.0
21.078125,2026-05-04 22:13:31.010000+00:00,2026-05-04 18:13:31.010,122652,84,3844.0,8.0,658.0
21.118125,2026-05-04 22:13:31.050000+00:00,2026-05-04 18:13:31.050,122652,85,3840.0,0.0,691.0
21.158125,2026-05-04 22:13:31.090000+00:00,2026-05-04 18:13:31.090,122652,86,3847.0,25.0,535.0
21.198125,2026-05-04 22:13:31.130000+00:00,2026-05-04 18:13:31.130,122652,87,3813.0,27.0,220.0
21.238125,2026-05-04 22:13:31.170000+00:00,2026-05-04 18:13:31.170,122652,88,3794.0,10.0,-137.0
21.278125,2026-05-04 22:13:31.210000+00:00,2026-05-04 18:13:31.210,122652,89,3783.0,-13.0,-427.0
21.318125,2026-05-04 22:13:31.250000+00:00,2026-05-04 18:13:31.250,122652,90,3774.0,-12.0,-584.0
21.358125,2026-05-04 22:13:31.290000+00:00,2026-05-04 18:13:31.290,122652,91,3769.0,4.0,-557.0
21.398125,2026-05-04 22:13:31.330000+00:00,2026-05-04 18:13:31.330,122652,92,3794.0,28.0,-332.0
21.438125,2026-05-04 22:13:31.370000+00:00,2026-05-04 18:13:31.370,122652,93,3822.0,2.0,5.0
21.478125,2026-05-04 22:13:31.410000+00:00,2026-05-04 18:13:31.410,122652,94,3834.0,-4.0,353.0
21.518125,2026-05-04 22:13:31.450000+00:00,2026-05-04 18:13:31.450,122652,95,3843.0,0.0,590.0
21.558125,2026-05-04 22:13:31.490000+00:00,2026-05-04 18:13:31.490,122652,96,3839.0,4.0,672.0
21.598125,2026-05-04 22:13:31.530000+00:00,2026-05-04 18:13:31.530,122652,97,3840.0,21.0,545.0
21.638125,2026-05-04 22:13:31.570000+00:00,2026-05-04 18:13:31.570,122652,98,3828.0,40.0,292.0
21.678125,2026-05-04 22:13:31.610000+00:00,2026-05-04 18:13:31.610,122652,99,3796.0,24.0,-43.0
21.718125,2026-05-04 22:13:31.650000+00:00,2026-05-04 18:13:31.650,122652,100,3790.0,-18.0,-361.0
21.758125,2026-05-04 22:13:31.690000+00:00,2026-05-04 18:13:31.690,122653,1,3764.0,-17.0,-534.0
21.798125,2026-05-04 22:13:31.730000+00:00,2026-05-04 18:13:31.730,122653,2,3769.0,19.0,-540.0
21.838125,2026-05-04 22:13:31.770000+00:00,2026-05-04 18:13:31.770,122653,3,3781.0,27.0,-368.0
21.878125,2026-05-04 22:13:31.810000+00:00,2026-05-04 18:13:31.810,122653,4,3809.0,18.0,-68.0
21.918125,2026-05-04 22:13:31.850000+00:00,2026-05-04 18:13:31.850,122653,5,3824.0,0.0,267.0
21.958125,2026-05-04 22:13:31.890000+00:00,2026-05-04 18:13:31.890,122653,6,3851.0,-20.0,523.0
21.998125,2026-05-04 22:13:31.930000+00:00,2026-05-04 18:13:31.930,122653,7,3848.0,13.0,651.0
22.038125,2026-05-04 22:13:31.970000+00:00,2026-05-04 18:13:31.970,122653,8,3831.0,36.0,567.0
22.078125,2026-05-04 22:13:32.010000+00:00,2026-05-04 18:13:32.010,122653,9,3814.0,22.0,331.0
22.118125,2026-05-04 22:13:32.050000+00:00,2026-05-04 18:13:32.050,122653,10,3799.0,13.0,12.0
22.158125,2026-05-04 22:13:32.090000+00:00,2026-05-04 18:13:32.090,122653,11,3796.0,-8.0,-289.0
22.198125,2026-05-04 22:13:32.130000+00:00,2026-05-04 18:13:32.130,122653,12,3779.0,-5.0,-489.0
22.238125,2026-05-04 22:13:32.170000+00:00,2026-05-04 18:13:32.170,122653,13,3783.0,11.0,-536.0
22.278125,2026-05-04 22:13:32.210000+00:00,2026-05-04 18:13:32.210,122653,14,3785.0,31.0,-395.0
22.318125,2026-05-04 22:13:32.250000+00:00,2026-05-04 18:13:32.250,122653,15,3805.0,36.0,-109.0
22.358125,2026-05-04 22:13:32.290000+00:00,2026-05-04 18:13:32.290,122653,16,3825.0,12.0,195.0
22.398125,2026-05-04 22:13:32.330000+00:00,2026-05-04 18:13:32.330,122653,17,3844.0,-6.0,477.0
22.438125,2026-05-04 22:13:32.370000+00:00,2026-05-04 18:13:32.370,122653,18,3844.0,2.0,608.0
22.478125,2026-05-04 22:13:32.410000+00:00,2026-05-04 18:13:32.410,122653,19,3837.0,20.0,567.0
22.518125,2026-05-04 22:13:32.450000+00:00,2026-05-04 18:13:32.450,122653,20,3836.0,34.0,378.0
22.558125,2026-05-04 22:13:32.490000+00:00,2026-05-04 18:13:32.490,122653,21,3809.0,21.0,69.0
22.598125,2026-05-04 22:13:32.530000+00:00,2026-05-04 18:13:32.530,122653,22,3796.0,-5.0,-231.0
22.638125,2026-05-04 22:13:32.570000+00:00,2026-05-04 18:13:32.570,122653,23,3782.0,-24.0,-437.0
22.678125,2026-05-04 22:13:32.610000+00:00,2026-05-04 18:13:32.610,122653,24,3780.0,-4.0,-516.0
22.718125,2026-05-04 22:13:32.650000+00:00,2026-05-04 18:13:32.650,122653,25,3798.0,9.0,-411.0
22.758125,2026-05-04 22:13:32.690000+00:00,2026-05-04 18:13:32.690,122653,26,3787.0,24.0,-162.0
22.798125,2026-05-04 22:13:32.730000+00:00,2026-05-04 18:13:32.730,122653,27,3820.0,8.0,128.0
22.838125,2026-05-04 22:13:32.770000+00:00,2026-05-04 18:13:32.770,122653,28,3822.0,-11.0,398.0
22.878125,2026-05-04 22:13:32.810000+00:00,2026-05-04 18:13:32.810,122653,29,3843.0,-12.0,557.0
22.918125,2026-05-04 22:13:32.850000+00:00,2026-05-04 18:13:32.850,122653,30,3843.0,18.0,566.0
22.958125,2026-05-04 22:13:32.890000+00:00,2026-05-04 18:13:32.890,122653,31,3837.0,31.0,400.0
22.998125,2026-05-04 22:13:32.930000+00:00,2026-05-04 18:13:32.930,122653,32,3835.0,29.0,144.0
23.038125,2026-05-04 22:13:32.970000+00:00,2026-05-04 18:13:32.970,122653,33,3793.0,8.0,-150.0
23.078125,2026-05-04 22:13:33.010000+00:00,2026-05-04 18:13:33.010,122653,34,3781.0,-11.0,-387.0
23.118125,2026-05-04 22:13:33.050000+00:00,2026-05-04 18:13:33.050,122653,35,3761.0,-11.0,-489.0
23.158125,2026-05-04 22:13:33.090000+00:00,2026-05-04 18:13:33.090,122653,36,3781.0,29.0,-408.0
23.198125,2026-05-04 22:13:33.130000+00:00,2026-05-04 18:13:33.130,122653,37,3798.0,36.0,-215.0
23.238125,2026-05-04 22:13:33.170000+00:00,2026-05-04 18:13:33.170,122653,38,3818.0,16.0,83.0
23.278125,2026-05-04 22:13:33.210000+00:00,2026-05-04 18:13:33.210,122653,39,3830.0,-11.0,348.0
23.318125,2026-05-04 22:13:33.250000+00:00,2026-05-04 18:13:33.250,122653,40,3864.0,-8.0,538.0
23.358125,2026-05-04 22:13:33.290000+00:00,2026-05-04 18:13:33.290,122653,41,3841.0,26.0,556.0
23.398125,2026-05-04 22:13:33.330000+00:00,2026-05-04 18:13:33.330,122653,42,3826.0,26.0,423.0
23.438125,2026-05-04 22:13:33.370000+00:00,2026-05-04 18:13:33.370,122653,43,3819.0,28.0,187.0
23.478125,2026-05-04 22:13:33.410000+00:00,2026-05-04 18:13:33.410,122653,44,3793.0,6.0,-101.0
23.518125,2026-05-04 22:13:33.450000+00:00,2026-05-04 18:13:33.450,122653,45,3789.0,-7.0,-327.0
23.558125,2026-05-04 22:13:33.490000+00:00,2026-05-04 18:13:33.490,122653,46,3775.0,-16.0,-452.0
23.598125,2026-05-04 22:13:33.530000+00:00,2026-05-04 18:13:33.530,122653,47,3778.0,5.0,-428.0
23.638125,2026-05-04 22:13:33.570000+00:00,2026-05-04 18:13:33.570,122653,48,3780.0,44.0,-249.0
23.678125,2026-05-04 22:13:33.610000+00:00,2026-05-04 18:13:33.610,122653,49,3810.0,27.0,21.0
23.718125,2026-05-04 22:13:33.650000+00:00,2026-05-04 18:13:33.650,122653,50,3835.0,-7.0,297.0
23.758125,2026-05-04 22:13:33.690000+00:00,2026-05-04 18:13:33.690,122653,51,3847.0,-2.0,480.0
23.798125,2026-05-04 22:13:33.730000+00:00,2026-05-04 18:13:33.730,122653,52,3832.0,1.0,540.0
23.838125,2026-05-04 22:13:33.770000+00:00,2026-05-04 18:13:33.770,122653,53,3855.0,39.0,439.0
23.878125,2026-05-04 22:13:33.810000+00:00,2026-05-04 18:13:33.810,122653,54,3828.0,30.0,229.0
23.918125,2026-05-04 22:13:33.850000+00:00,2026-05-04 18:13:33.850,122653,55,3810.0,9.0,-46.0
23.958125,2026-05-04 22:13:33.890000+00:00,2026-05-04 18:13:33.890,122653,56,3798.0,-14.0,-282.0
23.998125,2026-05-04 22:13:33.930000+00:00,2026-05-04 18:13:33.930,122653,57,3786.0,-13.0,-420.0
24.038125,2026-05-04 22:13:33.970000+00:00,2026-05-04 18:13:33.970,122653,58,3776.0,9.0,-405.0
24.078125,2026-05-04 22:13:34.010000+00:00,2026-05-04 18:13:34.010,122653,59,3798.0,24.0,-268.0
24.118125,2026-05-04 22:13:34.050000+00:00,2026-05-04 18:13:34.050,122653,60,3816.0,30.0,-29.0
24.158125,2026-05-04 22:13:34.090000+00:00,2026-05-04 18:13:34.090,122653,61,3817.0,11.0,241.0
24.198125,2026-05-04 22:13:34.130000+00:00,2026-05-04 18:13:34.130,122653,62,3842.0,-14.0,452.0
24.238125,2026-05-04 22:13:34.170000+00:00,2026-05-04 18:13:34.170,122653,63,3844.0,-7.0,525.0
24.278125,2026-05-04 22:13:34.210000+00:00,2026-05-04 18:13:34.210,122653,64,3836.0,27.0,446.0
24.318125,2026-05-04 22:13:34.250000+00:00,2026-05-04 18:13:34.250,122653,65,3825.0,42.0,264.0
24.358125,2026-05-04 22:13:34.290000+00:00,2026-05-04 18:13:34.290,122653,66,3815.0,8.0,11.0
24.398125,2026-05-04 22:13:34.330000+00:00,2026-05-04 18:13:34.330,122653,67,3799.0,-6.0,-240.0
24.438125,2026-05-04 22:13:34.370000+00:00,2026-05-04 18:13:34.370,122653,68,3786.0,-22.0,-374.0
24.478125,2026-05-04 22:13:34.410000+00:00,2026-05-04 18:13:34.410,122653,69,3784.0,3.0,-408.0
24.518125,2026-05-04 22:13:34.450000+00:00,2026-05-04 18:13:34.450,122653,70,3796.0,33.0,-285.0
24.558125,2026-05-04 22:13:34.490000+00:00,2026-05-04 18:13:34.490,122653,71,3807.0,33.0,-60.0
24.598125,2026-05-04 22:13:34.530000+00:00,2026-05-04 18:13:34.530,122653,72,3820.0,5.0,183.0
24.638125,2026-05-04 22:13:34.570000+00:00,2026-05-04 18:13:34.570,122653,73,3834.0,-5.0,396.0
24.678125,2026-05-04 22:13:34.610000+00:00,2026-05-04 18:13:34.610,122653,74,3829.0,-4.0,496.0
24.718125,2026-05-04 22:13:34.650000+00:00,2026-05-04 18:13:34.650,122653,75,3832.0,19.0,449.0
24.758125,2026-05-04 22:13:34.690000+00:00,2026-05-04 18:13:34.690,122653,76,3833.0,25.0,282.0
24.798125,2026-05-04 22:13:34.730000+00:00,2026-05-04 18:13:34.730,122653,77,3803.0,22.0,37.0
24.838125,2026-05-04 22:13:34.770000+00:00,2026-05-04 18:13:34.770,122653,78,3793.0,-3.0,-200.0
24.878125,2026-05-04 22:13:34.810000+00:00,2026-05-04 18:13:34.810,122653,79,3788.0,-7.0,-345.0
24.918125,2026-05-04 22:13:34.850000+00:00,2026-05-04 18:13:34.850,122653,80,3768.0,-7.0,-386.0
24.958125,2026-05-04 22:13:34.890000+00:00,2026-05-04 18:13:34.890,122653,81,3790.0,27.0,-296.0
24.998125,2026-05-04 22:13:34.930000+00:00,2026-05-04 18:13:34.930,122653,82,3806.0,34.0,-105.0
25.038125,2026-05-04 22:13:34.970000+00:00,2026-05-04 18:13:34.970,122653,83,3816.0,25.0,141.0
25.078125,2026-05-04 22:13:35.010000+00:00,2026-05-04 18:13:35.010,122653,84,3830.0,-10.0,353.0
25.118125,2026-05-04 22:13:35.050000+00:00,2026-05-04 18:13:35.050,122653,85,3835.0,-13.0,484.0
25.158125,2026-05-04 22:13:35.090000+00:00,2026-05-04 18:13:35.090,122653,86,3847.0,21.0,453.0
25.198125,2026-05-04 22:13:35.130000+00:00,2026-05-04 18:13:35.130,122653,87,3822.0,33.0,319.0
25.238125,2026-05-04 22:13:35.170000+00:00,2026-05-04 18:13:35.170,122653,88,3818.0,12.0,95.0
25.278125,2026-05-04 22:13:35.210000+00:00,2026-05-04 18:13:35.210,122653,89,3801.0,5.0,-144.0
25.318125,2026-05-04 22:13:35.250000+00:00,2026-05-04 18:13:35.250,122653,90,3796.0,-28.0,-315.0
25.358125,2026-05-04 22:13:35.290000+00:00,2026-05-04 18:13:35.290,122653,91,3778.0,0.0,-397.0
25.398125,2026-05-04 22:13:35.330000+00:00,2026-05-04 18:13:35.330,122653,92,3805.0,22.0,-308.0
25.438125,2026-05-04 22:13:35.370000+00:00,2026-05-04 18:13:35.370,122653,93,3808.0,25.0,-138.0
25.478125,2026-05-04 22:13:35.410000+00:00,2026-05-04 18:13:35.410,122653,94,3814.0,24.0,111.0
25.518125,2026-05-04 22:13:35.450000+00:00,2026-05-04 18:13:35.450,122653,95,3825.0,6.0,311.0
25.558125,2026-05-04 22:13:35.490000+00:00,2026-05-04 18:13:35.490,122653,96,3833.0,4.0,443.0
25.598125,2026-05-04 22:13:35.530000+00:00,2026-05-04 18:13:35.530,122653,97,3834.0,8.0,459.0
25.638125,2026-05-04 22:13:35.570000+00:00,2026-05-04 18:13:35.570,122653,98,3827.0,29.0,338.0
25.678125,2026-05-04 22:13:35.610000+00:00,2026-05-04 18:13:35.610,122653,99,3837.0,23.0,127.0
25.718125,2026-05-04 22:13:35.650000+00:00,2026-05-04 18:13:35.650,122653,100,3815.0,4.0,-107.0
25.758125,2026-05-04 22:13:35.690000+00:00,2026-05-04 18:13:35.690,122654,1,3776.0,3.0,-287.0
25.798125,2026-05-04 22:13:35.730000+00:00,2026-05-04 18:13:35.730,122654,2,3782.0,-9.0,-371.0
25.838125,2026-05-04 22:13:35.770000+00:00,2026-05-04 18:13:35.770,122654,3,3781.0,12.0,-317.0
25.878125,2026-05-04 22:13:35.810000+00:00,2026-05-04 18:13:35.810,122654,4,3804.0,40.0,-171.0
25.918125,2026-05-04 22:13:35.850000+00:00,2026-05-04 18:13:35.850,122654,5,3808.0,20.0,70.0
25.958125,2026-05-04 22:13:35.890000+00:00,2026-05-04 18:13:35.890,122654,6,3824.0,1.0,261.0
25.998125,2026-05-04 22:13:35.930000+00:00,2026-05-04 18:13:35.930,122654,7,3836.0,7.0,398.0
26.038125,2026-05-04 22:13:35.970000+00:00,2026-05-04 18:13:35.970,122654,8,3836.0,5.0,442.0
26.078125,2026-05-04 22:13:36.010000+00:00,2026-05-04 18:13:36.010,122654,9,3837.0,35.0,337.0
26.118125,2026-05-04 22:13:36.050000+00:00,2026-05-04 18:13:36.050,122654,10,3814.0,28.0,163.0
26.158125,2026-05-04 22:13:36.090000+00:00,2026-05-04 18:13:36.090,122654,11,3815.0,10.0,-58.0
26.198125,2026-05-04 22:13:36.130000+00:00,2026-05-04 18:13:36.130,122654,12,3798.0,3.0,-248.0
26.238125,2026-05-04 22:13:36.170000+00:00,2026-05-04 18:13:36.170,122654,13,3785.0,-3.0,-345.0
26.278125,2026-05-04 22:13:36.210000+00:00,2026-05-04 18:13:36.210,122654,14,3797.0,21.0,-329.0
26.318125,2026-05-04 22:13:36.250000+00:00,2026-05-04 18:13:36.250,122654,15,3796.0,34.0,-184.0
26.358125,2026-05-04 22:13:36.290000+00:00,2026-05-04 18:13:36.290,122654,16,3809.0,32.0,29.0
26.398125,2026-05-04 22:13:36.330000+00:00,2026-05-04 18:13:36.330,122654,17,3821.0,3.0,236.0
26.438125,2026-05-04 22:13:36.370000+00:00,2026-05-04 18:13:36.370,122654,18,3836.0,9.0,383.0
26.478125,2026-05-04 22:13:36.410000+00:00,2026-05-04 18:13:36.410,122654,19,3849.0,8.0,424.0
26.518125,2026-05-04 22:13:36.450000+00:00,2026-05-04 18:13:36.450,122654,20,3832.0,26.0,346.0
26.558125,2026-05-04 22:13:36.490000+00:00,2026-05-04 18:13:36.490,122654,21,3833.0,16.0,190.0
26.598125,2026-05-04 22:13:36.530000+00:00,2026-05-04 18:13:36.530,122654,22,3809.0,13.0,-27.0
26.638125,2026-05-04 22:13:36.570000+00:00,2026-05-04 18:13:36.570,122654,23,3794.0,-2.0,-209.0
26.678125,2026-05-04 22:13:36.610000+00:00,2026-05-04 18:13:36.610,122654,24,3790.0,-17.0,-312.0
26.718125,2026-05-04 22:13:36.650000+00:00,2026-05-04 18:13:36.650,122654,25,3789.0,19.0,-324.0
26.758125,2026-05-04 22:13:36.690000+00:00,2026-05-04 18:13:36.690,122654,26,3800.0,10.0,-214.0
26.798125,2026-05-04 22:13:36.730000+00:00,2026-05-04 18:13:36.730,122654,27,3813.0,25.0,-22.0
26.838125,2026-05-04 22:13:36.770000+00:00,2026-05-04 18:13:36.770,122654,28,3827.0,10.0,208.0
26.878125,2026-05-04 22:13:36.810000+00:00,2026-05-04 18:13:36.810,122654,29,3824.0,0.0,361.0
26.918125,2026-05-04 22:13:36.850000+00:00,2026-05-04 18:13:36.850,122654,30,3830.0,-1.0,411.0
26.958125,2026-05-04 22:13:36.890000+00:00,2026-05-04 18:13:36.890,122654,31,3836.0,22.0,349.0
26.998125,2026-05-04 22:13:36.930000+00:00,2026-05-04 18:13:36.930,122654,32,3816.0,30.0,206.0
27.038125,2026-05-04 22:13:36.970000+00:00,2026-05-04 18:13:36.970,122654,33,3797.0,14.0,13.0
27.078125,2026-05-04 22:13:37.010000+00:00,2026-05-04 18:13:37.010,122654,34,3801.0,15.0,-172.0
27.118125,2026-05-04 22:13:37.050000+00:00,2026-05-04 18:13:37.050,122654,35,3807.0,-14.0,-305.0
27.158125,2026-05-04 22:13:37.090000+00:00,2026-05-04 18:13:37.090,122654,36,3793.0,5.0,-308.0
27.198125,2026-05-04 22:13:37.130000+00:00,2026-05-04 18:13:37.130,122654,37,3807.0,24.0,-229.0
27.238125,2026-05-04 22:13:37.170000+00:00,2026-05-04 18:13:37.170,122654,38,3802.0,28.0,-48.0
27.278125,2026-05-04 22:13:37.210000+00:00,2026-05-04 18:13:37.210,122654,39,3815.0,1.0,151.0
27.318125,2026-05-04 22:13:37.250000+00:00,2026-05-04 18:13:37.250,122654,40,3839.0,4.0,317.0
27.358125,2026-05-04 22:13:37.290000+00:00,2026-05-04 18:13:37.290,122654,41,3838.0,3.0,393.0
27.398125,2026-05-04 22:13:37.330000+00:00,2026-05-04 18:13:37.330,122654,42,3835.0,16.0,363.0
27.438125,2026-05-04 22:13:37.370000+00:00,2026-05-04 18:13:37.370,122654,43,3823.0,21.0,247.0
27.478125,2026-05-04 22:13:37.410000+00:00,2026-05-04 18:13:37.410,122654,44,3815.0,26.0,54.0
27.518125,2026-05-04 22:13:37.450000+00:00,2026-05-04 18:13:37.450,122654,45,3807.0,2.0,-144.0
27.558125,2026-05-04 22:13:37.490000+00:00,2026-05-04 18:13:37.490,122654,46,3786.0,15.0,-273.0
27.598125,2026-05-04 22:13:37.530000+00:00,2026-05-04 18:13:37.530,122654,47,3799.0,5.0,-310.0
27.638125,2026-05-04 22:13:37.570000+00:00,2026-05-04 18:13:37.570,122654,48,3796.0,13.0,-225.0
27.678125,2026-05-04 22:13:37.610000+00:00,2026-05-04 18:13:37.610,122654,49,3799.0,32.0,-76.0
27.718125,2026-05-04 22:13:37.650000+00:00,2026-05-04 18:13:37.650,122654,50,3801.0,13.0,118.0
27.758125,2026-05-04 22:13:37.690000+00:00,2026-05-04 18:13:37.690,122654,51,3839.0,5.0,306.0
27.798125,2026-05-04 22:13:37.730000+00:00,2026-05-04 18:13:37.730,122654,52,3840.0,-9.0,390.0
27.838125,2026-05-04 22:13:37.770000+00:00,2026-05-04 18:13:37.770,122654,53,3831.0,24.0,365.0
27.878125,2026-05-04 22:13:37.810000+00:00,2026-05-04 18:13:37.810,122654,54,3826.0,29.0,254.0
27.918125,2026-05-04 22:13:37.850000+00:00,2026-05-04 18:13:37.850,122654,55,3816.0,21.0,72.0
27.958125,2026-05-04 22:13:37.890000+00:00,2026-05-04 18:13:37.890,122654,56,3808.0,12.0,-101.0
27.998125,2026-05-04 22:13:37.930000+00:00,2026-05-04 18:13:37.930,122654,57,3791.0,-14.0,-255.0
28.038125,2026-05-04 22:13:37.970000+00:00,2026-05-04 18:13:37.970,122654,58,3800.0,13.0,-295.0
28.078125,2026-05-04 22:13:38.010000+00:00,2026-05-04 18:13:38.010,122654,59,3780.0,21.0,-237.0
28.118125,2026-05-04 22:13:38.050000+00:00,2026-05-04 18:13:38.050,122654,60,3798.0,17.0,-87.0
28.158125,2026-05-04 22:13:38.090000+00:00,2026-05-04 18:13:38.090,122654,61,3820.0,13.0,91.0
28.198125,2026-05-04 22:13:38.130000+00:00,2026-05-04 18:13:38.130,122654,62,3831.0,12.0,259.0
28.238125,2026-05-04 22:13:38.170000+00:00,2026-05-04 18:13:38.170,122654,63,3831.0,1.0,357.0
28.278125,2026-05-04 22:13:38.210000+00:00,2026-05-04 18:13:38.210,122654,64,3826.0,1.0,358.0
28.318125,2026-05-04 22:13:38.250000+00:00,2026-05-04 18:13:38.250,122654,65,3815.0,21.0,274.0
28.358125,2026-05-04 22:13:38.290000+00:00,2026-05-04 18:13:38.290,122654,66,3821.0,31.0,108.0
28.398125,2026-05-04 22:13:38.330000+00:00,2026-05-04 18:13:38.330,122654,67,3812.0,7.0,-76.0
28.438125,2026-05-04 22:13:38.370000+00:00,2026-05-04 18:13:38.370,122654,68,3794.0,-1.0,-219.0
28.478125,2026-05-04 22:13:38.410000+00:00,2026-05-04 18:13:38.410,122654,69,3786.0,4.0,-280.0
28.518125,2026-05-04 22:13:38.450000+00:00,2026-05-04 18:13:38.450,122654,70,3805.0,27.0,-235.0
28.558125,2026-05-04 22:13:38.490000+00:00,2026-05-04 18:13:38.490,122654,71,3797.0,36.0,-127.0
28.598125,2026-05-04 22:13:38.530000+00:00,2026-05-04 18:13:38.530,122654,72,3809.0,24.0,63.0
28.638125,2026-05-04 22:13:38.570000+00:00,2026-05-04 18:13:38.570,122654,73,3831.0,25.0,235.0
28.678125,2026-05-04 22:13:38.610000+00:00,2026-05-04 18:13:38.610,122654,74,3828.0,3.0,326.0
28.718125,2026-05-04 22:13:38.650000+00:00,2026-05-04 18:13:38.650,122654,75,3838.0,16.0,366.0
28.758125,2026-05-04 22:13:38.690000+00:00,2026-05-04 18:13:38.690,122654,76,3825.0,26.0,282.0
28.798125,2026-05-04 22:13:38.730000+00:00,2026-05-04 18:13:38.730,122654,77,3819.0,15.0,131.0
28.838125,2026-05-04 22:13:38.770000+00:00,2026-05-04 18:13:38.770,122654,78,3809.0,11.0,-43.0
28.878125,2026-05-04 22:13:38.810000+00:00,2026-05-04 18:13:38.810,122654,79,3788.0,-4.0,-196.0
28.918125,2026-05-04 22:13:38.850000+00:00,2026-05-04 18:13:38.850,122654,80,3786.0,-3.0,-283.0
28.958125,2026-05-04 22:13:38.890000+00:00,2026-05-04 18:13:38.890,122654,81,3793.0,10.0,-248.0
28.998125,2026-05-04 22:13:38.930000+00:00,2026-05-04 18:13:38.930,122654,82,3799.0,27.0,-124.0
29.038125,2026-05-04 22:13:38.970000+00:00,2026-05-04 18:13:38.970,122654,83,3828.0,24.0,22.0
29.078125,2026-05-04 22:13:39.010000+00:00,2026-05-04 18:13:39.010,122654,84,3806.0,0.0,178.0
29.118125,2026-05-04 22:13:39.050000+00:00,2026-05-04 18:13:39.050,122654,85,3818.0,6.0,308.0
29.158125,2026-05-04 22:13:39.090000+00:00,2026-05-04 18:13:39.090,122654,86,3833.0,-1.0,356.0
29.198125,2026-05-04 22:13:39.130000+00:00,2026-05-04 18:13:39.130,122654,87,3836.0,19.0,296.0
29.238125,2026-05-04 22:13:39.170000+00:00,2026-05-04 18:13:39.170,122654,88,3823.0,34.0,163.0
29.278125,2026-05-04 22:13:39.210000+00:00,2026-05-04 18:13:39.210,122654,89,3801.0,22.0,-10.0
29.318125,2026-05-04 22:13:39.250000+00:00,2026-05-04 18:13:39.250,122654,90,3802.0,2.0,-172.0
29.358125,2026-05-04 22:13:39.290000+00:00,2026-05-04 18:13:39.290,122654,91,3793.0,-2.0,-266.0
29.398125,2026-05-04 22:13:39.330000+00:00,2026-05-04 18:13:39.330,122654,92,3784.0,0.0,-233.0
29.438125,2026-05-04 22:13:39.370000+00:00,2026-05-04 18:13:39.370,122654,93,3796.0,7.0,-149.0
29.478125,2026-05-04 22:13:39.410000+00:00,2026-05-04 18:13:39.410,122654,94,3813.0,7.0,15.0
29.518125,2026-05-04 22:13:39.450000+00:00,2026-05-04 18:13:39.450,122654,95,3814.0,15.0,168.0
29.558125,2026-05-04 22:13:39.490000+00:00,2026-05-04 18:13:39.490,122654,96,3840.0,0.0,290.0
29.598125,2026-05-04 22:13:39.530000+00:00,2026-05-04 18:13:39.530,122654,97,3830.0,17.0,332.0
29.638125,2026-05-04 22:13:39.570000+00:00,2026-05-04 18:13:39.570,122654,98,3831.0,16.0,299.0
29.678125,2026-05-04 22:13:39.610000+00:00,2026-05-04 18:13:39.610,122654,99,3822.0,19.0,178.0
29.718125,2026-05-04 22:13:39.650000+00:00,2026-05-04 18:13:39.650,122654,100,3801.0,16.0,18.0
29.758125,2026-05-04 22:13:39.690000+00:00,2026-05-04 18:13:39.690,122655,1,3810.0,1.0,-135.0
29.798125,2026-05-04 22:13:39.730000+00:00,2026-05-04 18:13:39.730,122655,2,3784.0,-8.0,-236.0
29.838125,2026-05-04 22:13:39.770000+00:00,2026-05-04 18:13:39.770,122655,3,3805.0,-11.0,-239.0
29.878125,2026-05-04 22:13:39.810000+00:00,2026-05-04 18:13:39.810,122655,4,3780.0,23.0,-149.0
29.918125,2026-05-04 22:13:39.850000+00:00,2026-05-04 18:13:39.850,122655,5,3815.0,35.0,-19.0
29.958125,2026-05-04 22:13:39.890000+00:00,2026-05-04 18:13:39.890,122655,6,3822.0,19.0,154.0
29.998125,2026-05-04 22:13:39.930000+00:00,2026-05-04 18:13:39.930,122655,7,3825.0,3.0,284.0
30.038125,2026-05-04 22:13:39.970000+00:00,2026-05-04 18:13:39.970,122655,8,3822.0,18.0,328.0
30.078125,2026-05-04 22:13:40.010000+00:00,2026-05-04 18:13:40.010,122655,9,3816.0,20.0,300.0
30.118125,2026-05-04 22:13:40.050000+00:00,2026-05-04 18:13:40.050,122655,10,3825.0,27.0,196.0
30.158125,2026-05-04 22:13:40.090000+00:00,2026-05-04 18:13:40.090,122655,11,3811.0,24.0,42.0
30.198125,2026-05-04 22:13:40.130000+00:00,2026-05-04 18:13:40.130,122655,12,3799.0,1.0,-93.0
30.238125,2026-05-04 22:13:40.170000+00:00,2026-05-04 18:13:40.170,122655,13,3794.0,10.0,-205.0
30.278125,2026-05-04 22:13:40.210000+00:00,2026-05-04 18:13:40.210,122655,14,3787.0,-4.0,-252.0
30.318125,2026-05-04 22:13:40.250000+00:00,2026-05-04 18:13:40.250,122655,15,3807.0,30.0,-170.0
30.358125,2026-05-04 22:13:40.290000+00:00,2026-05-04 18:13:40.290,122655,16,3807.0,26.0,-43.0
30.398125,2026-05-04 22:13:40.330000+00:00,2026-05-04 18:13:40.330,122655,17,3830.0,11.0,122.0
30.438125,2026-05-04 22:13:40.370000+00:00,2026-05-04 18:13:40.370,122655,18,3827.0,6.0,246.0
