relative_time_s,lord_dynamic_mag_norm,prototype_dynamic_mag_norm,lord_dynamic_envelope_norm,prototype_dynamic_envelope_norm,sample_ts_utc,sample_ts_et
0.000,-1.21421284,-1.29303522,-1.55320761,-1.60344120,2026-05-03T23:57:11.577Z,2026-05-03 19:57:11.577
0.040,-1.21710362,-1.30835811,-1.55031211,-1.59920281,2026-05-03T23:57:11.617Z,2026-05-03 19:57:11.617
0.080,-1.21682162,-1.30471220,-1.54746546,-1.59669619,2026-05-03T23:57:11.657Z,2026-05-03 19:57:11.657
0.120,-1.21595510,-1.33265575,-1.54437235,-1.59128932,2026-05-03T23:57:11.697Z,2026-05-03 19:57:11.697
0.160,-1.21781428,-1.32603400,-1.54189838,-1.58941290,2026-05-03T23:57:11.737Z,2026-05-03 19:57:11.737
0.200,-1.21745449,-1.31845485,-1.53955537,-1.58681742,2026-05-03T23:57:11.777Z,2026-05-03 19:57:11.777
0.240,-1.21846315,-1.31485018,-1.53732586,-1.58135721,2026-05-03T23:57:11.817Z,2026-05-03 19:57:11.817
0.280,-1.21728327,-1.32902561,-1.53510718,-1.58372832,2026-05-03T23:57:11.857Z,2026-05-03 19:57:11.857
0.320,-1.21367794,-1.30141634,-1.53510383,-1.58607264,2026-05-03T23:57:11.897Z,2026-05-03 19:57:11.897
0.360,-1.21765409,-1.33348526,-1.53584350,-1.58886510,2026-05-03T23:57:11.937Z,2026-05-03 19:57:11.937
0.400,-1.21780641,-1.32390555,-1.53618357,-1.58855049,2026-05-03T23:57:11.977Z,2026-05-03 19:57:11.977
0.440,-1.21795170,-1.29508805,-1.53612538,-1.58775101,2026-05-03T23:57:12.017Z,2026-05-03 19:57:12.017
0.480,-1.19568232,-1.31457867,-1.53569366,-1.58899690,2026-05-03T23:57:12.057Z,2026-05-03 19:57:12.057
0.520,-1.21706771,-1.33507920,-1.53551014,-1.58971186,2026-05-03T23:57:12.097Z,2026-05-03 19:57:12.097
0.560,-1.22545364,-1.33439480,-1.53540910,-1.58764521,2026-05-03T23:57:12.137Z,2026-05-03 19:57:12.137
0.600,-1.21959940,-1.32866650,-1.53536698,-1.59185047,2026-05-03T23:57:12.177Z,2026-05-03 19:57:12.177
0.640,-1.21719594,-1.31732260,-1.53592411,-1.59015206,2026-05-03T23:57:12.217Z,2026-05-03 19:57:12.217
0.680,-1.21305987,-1.33294379,-1.53428347,-1.58584468,2026-05-03T23:57:12.257Z,2026-05-03 19:57:12.257
0.720,-1.21649484,-1.32212904,-1.53190530,-1.58601235,2026-05-03T23:57:12.297Z,2026-05-03 19:57:12.297
0.760,-1.21621375,-1.30780777,-1.53300925,-1.58333080,2026-05-03T23:57:12.337Z,2026-05-03 19:57:12.337
0.800,-1.21326057,-1.34894906,-1.52916080,-1.58086562,2026-05-03T23:57:12.377Z,2026-05-03 19:57:12.377
0.840,-1.22409670,-1.31494388,-1.52903144,-1.58003372,2026-05-03T23:57:12.417Z,2026-05-03 19:57:12.417
0.880,-1.20248024,-1.28680486,-1.52893166,-1.57734925,2026-05-03T23:57:12.457Z,2026-05-03 19:57:12.457
0.920,-1.19619859,-1.29640957,-1.52763291,-1.57774844,2026-05-03T23:57:12.497Z,2026-05-03 19:57:12.497
0.960,-1.20479151,-1.29116401,-1.52649010,-1.57699968,2026-05-03T23:57:12.537Z,2026-05-03 19:57:12.537
1.000,-1.18434354,-1.30639203,-1.52633516,-1.57839393,2026-05-03T23:57:12.577Z,2026-05-03 19:57:12.577
1.040,-1.22362926,-1.32304474,-1.52686287,-1.57979676,2026-05-03T23:57:12.617Z,2026-05-03 19:57:12.617
1.080,-1.21836433,-1.29927090,-1.52760465,-1.57052846,2026-05-03T23:57:12.657Z,2026-05-03 19:57:12.657
1.120,-1.20355843,-1.32216229,-1.52642433,-1.52511300,2026-05-03T23:57:12.697Z,2026-05-03 19:57:12.697
1.160,-1.20150053,-1.32252273,-1.49768945,-1.42661826,2026-05-03T23:57:12.737Z,2026-05-03 19:57:12.737
1.200,-1.21464040,-1.34340969,-1.43288553,-1.30045991,2026-05-03T23:57:12.777Z,2026-05-03 19:57:12.777
1.240,-1.22309421,-1.32347408,-1.32230079,-1.21211060,2026-05-03T23:57:12.817Z,2026-05-03 19:57:12.817
1.280,-1.22246584,-1.25741795,-1.22153438,-1.16055076,2026-05-03T23:57:12.857Z,2026-05-03 19:57:12.857
1.320,-1.20970174,-1.06817989,-1.16473778,-1.11666514,2026-05-03T23:57:12.897Z,2026-05-03 19:57:12.897
1.360,-1.05359274,-0.79516098,-1.13352476,-1.11124831,2026-05-03T23:57:12.937Z,2026-05-03 19:57:12.937
1.400,-0.87796123,-0.54566255,-1.11216633,-1.10060417,2026-05-03T23:57:12.977Z,2026-05-03 19:57:12.977
1.440,-0.61594913,-0.56442873,-1.10645139,-1.08969807,2026-05-03T23:57:13.017Z,2026-05-03 19:57:13.017
1.480,-0.50734083,-0.70550382,-1.08780844,-1.07893570,2026-05-03T23:57:13.057Z,2026-05-03 19:57:13.057
1.520,-0.63213324,-0.72864523,-1.07734266,-1.05224825,2026-05-03T23:57:13.097Z,2026-05-03 19:57:13.097
1.560,-0.76931393,-1.13408330,-1.05873476,-1.03388532,2026-05-03T23:57:13.137Z,2026-05-03 19:57:13.137
1.600,-0.84027964,-1.04650843,-1.02926013,-1.03725660,2026-05-03T23:57:13.177Z,2026-05-03 19:57:13.177
1.640,-1.03520964,-1.03940392,-1.02540013,-1.06254935,2026-05-03T23:57:13.217Z,2026-05-03 19:57:13.217
1.680,-0.85856756,-1.04147565,-1.03726413,-1.11783949,2026-05-03T23:57:13.257Z,2026-05-03 19:57:13.257
1.720,-0.95533686,-0.83713814,-1.07231518,-1.16587797,2026-05-03T23:57:13.297Z,2026-05-03 19:57:13.297
1.760,-0.84824269,-0.90756734,-1.12500192,-1.16438309,2026-05-03T23:57:13.337Z,2026-05-03 19:57:13.337
1.800,-0.72883453,-1.13797721,-1.13841138,-1.13125175,2026-05-03T23:57:13.377Z,2026-05-03 19:57:13.377
1.840,-0.97672975,-1.13959898,-1.10476527,-1.05440655,2026-05-03T23:57:13.417Z,2026-05-03 19:57:13.417
1.880,-1.08429574,-1.04130817,-1.05893331,-0.97188851,2026-05-03T23:57:13.457Z,2026-05-03 19:57:13.457
1.920,-0.96469128,-0.92649385,-0.98671170,-0.87823228,2026-05-03T23:57:13.497Z,2026-05-03 19:57:13.497
1.960,-0.92272970,-0.69545273,-0.91447686,-0.79683157,2026-05-03T23:57:13.537Z,2026-05-03 19:57:13.537
2.000,-0.72459992,-0.52109000,-0.84166078,-0.73868835,2026-05-03T23:57:13.577Z,2026-05-03 19:57:13.577
2.040,-0.54120845,-0.45004499,-0.78249997,-0.69355133,2026-05-03T23:57:13.617Z,2026-05-03 19:57:13.617
2.080,-0.49603557,-0.33263268,-0.74658274,-0.63468710,2026-05-03T23:57:13.657Z,2026-05-03 19:57:13.657
2.120,-0.38448822,-0.20200524,-0.70066548,-0.52144208,2026-05-03T23:57:13.697Z,2026-05-03 19:57:13.697
2.160,-0.27549665,-0.21746900,-0.62310641,-0.32827502,2026-05-03T23:57:13.737Z,2026-05-03 19:57:13.737
2.200,-0.26041696,-0.26041272,-0.44999138,-0.22358368,2026-05-03T23:57:13.777Z,2026-05-03 19:57:13.777
2.240,-0.27294783,-0.37487591,-0.35819133,-0.08238176,2026-05-03T23:57:13.817Z,2026-05-03 19:57:13.817
2.280,-0.36528394,-0.31177907,-0.22121919,0.00531664,2026-05-03T23:57:13.857Z,2026-05-03 19:57:13.857
2.320,-0.37973651,0.14404749,-0.15482066,0.10708984,2026-05-03T23:57:13.897Z,2026-05-03 19:57:13.897
2.360,-0.12489063,0.74815141,-0.04229550,0.19183732,2026-05-03T23:57:13.937Z,2026-05-03 19:57:13.937
2.400,0.55090697,0.31876188,0.01839747,0.21325871,2026-05-03T23:57:13.977Z,2026-05-03 19:57:13.977
2.440,0.16038834,0.71922534,0.11958962,1.00217230,2026-05-03T23:57:14.017Z,2026-05-03 19:57:14.017
2.480,0.58504309,0.45555514,1.10079410,0.99424265,2026-05-03T23:57:14.057Z,2026-05-03 19:57:14.057
2.520,0.20472159,0.64427652,1.72123083,1.14112221,2026-05-03T23:57:14.097Z,2026-05-03 19:57:14.097
2.560,0.61656500,0.60379986,2.09000473,1.14872804,2026-05-03T23:57:14.137Z,2026-05-03 19:57:14.137
2.600,0.30287832,0.07808291,2.09013595,1.20828326,2026-05-03T23:57:14.177Z,2026-05-03 19:57:14.177
2.640,0.71698722,4.49369596,2.15434325,1.30126336,2026-05-03T23:57:14.217Z,2026-05-03 19:57:14.217
2.680,4.97228926,-0.45068963,2.12360596,1.41064366,2026-05-03T23:57:14.257Z,2026-05-03 19:57:14.257
2.720,4.53660253,1.52333883,2.27649241,1.42824387,2026-05-03T23:57:14.297Z,2026-05-03 19:57:14.297
2.760,3.57547210,-0.14073098,2.30945926,1.42515788,2026-05-03T23:57:14.337Z,2026-05-03 19:57:14.337
2.800,-0.37495945,0.95519137,2.32094103,1.38021193,2026-05-03T23:57:14.377Z,2026-05-03 19:57:14.377
2.840,1.07665109,1.71021863,2.29684297,1.38666450,2026-05-03T23:57:14.417Z,2026-05-03 19:57:14.417
2.880,-0.13118254,1.61934644,2.29790092,1.36558920,2026-05-03T23:57:14.457Z,2026-05-03 19:57:14.457
2.920,2.22783252,0.94606388,2.27640110,0.79941685,2026-05-03T23:57:14.497Z,2026-05-03 19:57:14.497
2.960,1.11598909,0.40686477,1.71397216,0.81480094,2026-05-03T23:57:14.537Z,2026-05-03 19:57:14.537
3.000,0.45171058,-0.13531751,1.10219398,0.74402406,2026-05-03T23:57:14.577Z,2026-05-03 19:57:14.577
3.040,0.11020392,0.69343694,0.65981535,0.73913339,2026-05-03T23:57:14.617Z,2026-05-03 19:57:14.617
3.080,0.32573209,-0.40940832,0.66959638,0.69425241,2026-05-03T23:57:14.657Z,2026-05-03 19:57:14.657
3.120,0.30511556,1.01295485,0.61902418,0.51927045,2026-05-03T23:57:14.697Z,2026-05-03 19:57:14.697
3.160,0.61249824,-0.12872023,0.60788702,0.40306965,2026-05-03T23:57:14.737Z,2026-05-03 19:57:14.737
3.200,-0.05177027,0.90716338,0.40598052,0.36549531,2026-05-03T23:57:14.777Z,2026-05-03 19:57:14.777
3.240,0.79517622,-0.23175091,0.29854547,0.34012427,2026-05-03T23:57:14.817Z,2026-05-03 19:57:14.817
3.280,-0.17890717,0.48484916,0.30302050,0.70919392,2026-05-03T23:57:14.857Z,2026-05-03 19:57:14.857
3.320,0.60569491,0.10427185,0.66293343,0.68542732,2026-05-03T23:57:14.897Z,2026-05-03 19:57:14.897
3.360,-0.34064215,0.72484335,0.67031388,0.82852808,2026-05-03T23:57:14.937Z,2026-05-03 19:57:14.937
3.400,0.91836207,0.61699854,0.83520953,0.81642927,2026-05-03T23:57:14.977Z,2026-05-03 19:57:14.977
3.440,0.15089292,0.11916259,0.81335916,0.87369406,2026-05-03T23:57:15.017Z,2026-05-03 19:57:15.017
3.480,0.49445888,2.68020127,0.91300668,0.87300560,2026-05-03T23:57:15.057Z,2026-05-03 19:57:15.057
3.520,2.60668397,0.42601298,0.89327751,0.95060612,2026-05-03T23:57:15.097Z,2026-05-03 19:57:15.097
3.560,0.41514304,1.33041093,0.95267983,1.02841078,2026-05-03T23:57:15.137Z,2026-05-03 19:57:15.137
3.600,1.77589822,0.89374659,1.02799604,1.07979323,2026-05-03T23:57:15.177Z,2026-05-03 19:57:15.177
3.640,0.34707485,0.67462492,1.05763527,1.10173315,2026-05-03T23:57:15.217Z,2026-05-03 19:57:15.217
3.680,1.13578589,0.90009042,1.07861160,1.11969451,2026-05-03T23:57:15.257Z,2026-05-03 19:57:15.257
3.720,0.57369450,0.85906468,1.10607531,1.18020955,2026-05-03T23:57:15.297Z,2026-05-03 19:57:15.297
3.760,0.68453647,1.32107222,1.08521085,1.12063103,2026-05-03T23:57:15.337Z,2026-05-03 19:57:15.337
3.800,1.36386691,0.80753702,0.83779109,1.13861100,2026-05-03T23:57:15.377Z,2026-05-03 19:57:15.377
3.840,0.22658510,0.97545063,0.93078723,1.14577924,2026-05-03T23:57:15.417Z,2026-05-03 19:57:15.417
3.880,1.13203941,0.83577555,0.87098493,1.28772545,2026-05-03T23:57:15.457Z,2026-05-03 19:57:15.457
3.920,0.55107003,0.94299294,0.90824058,1.48548664,2026-05-03T23:57:15.497Z,2026-05-03 19:57:15.497
3.960,0.18824011,2.27820697,1.23096403,1.61599261,2026-05-03T23:57:15.537Z,2026-05-03 19:57:15.537
4.000,0.71224914,0.66706710,1.46613395,1.68347395,2026-05-03T23:57:15.577Z,2026-05-03 19:57:15.577
4.040,1.35459320,1.39820843,1.47368786,1.60685068,2026-05-03T23:57:15.617Z,2026-05-03 19:57:15.617
4.080,1.31034558,2.18862525,1.38188673,1.62414697,2026-05-03T23:57:15.657Z,2026-05-03 19:57:15.657
4.120,0.78942277,2.54223716,1.39496911,1.65058790,2026-05-03T23:57:15.697Z,2026-05-03 19:57:15.697
4.160,3.29870575,2.22026079,1.39123066,1.64175450,2026-05-03T23:57:15.737Z,2026-05-03 19:57:15.737
4.200,2.67312545,1.64503413,1.43633928,1.64364860,2026-05-03T23:57:15.777Z,2026-05-03 19:57:15.777
4.240,0.78595252,0.23411976,1.40825542,1.53521687,2026-05-03T23:57:15.817Z,2026-05-03 19:57:15.817
4.280,0.16617215,1.03550584,1.46241300,1.53507792,2026-05-03T23:57:15.857Z,2026-05-03 19:57:15.857
4.320,0.44054115,1.29640873,1.42831935,1.45966613,2026-05-03T23:57:15.897Z,2026-05-03 19:57:15.897
4.360,1.09085732,0.71016058,1.36208992,1.33943155,2026-05-03T23:57:15.937Z,2026-05-03 19:57:15.937
4.400,1.11751599,0.96780016,1.37794940,1.09996414,2026-05-03T23:57:15.977Z,2026-05-03 19:57:15.977
4.440,-0.47358711,1.23808718,0.98163517,0.99318639,2026-05-03T23:57:16.017Z,2026-05-03 19:57:16.017
4.480,1.33984420,0.66505791,0.74802783,0.84971937,2026-05-03T23:57:16.057Z,2026-05-03 19:57:16.057
4.520,0.98132880,0.43887071,0.69734128,0.86603475,2026-05-03T23:57:16.097Z,2026-05-03 19:57:16.097
4.560,0.51326486,1.05304145,0.75897458,0.85745392,2026-05-03T23:57:16.137Z,2026-05-03 19:57:16.137
4.600,0.98102571,0.23519673,0.80214385,0.73193236,2026-05-03T23:57:16.177Z,2026-05-03 19:57:16.177
4.640,-0.01527759,1.37813900,0.89335536,0.74246941,2026-05-03T23:57:16.217Z,2026-05-03 19:57:16.217
4.680,1.06807879,0.13371690,0.86714479,0.65323027,2026-05-03T23:57:16.257Z,2026-05-03 19:57:16.257
4.720,0.20067253,0.45465706,0.87447696,0.58798267,2026-05-03T23:57:16.297Z,2026-05-03 19:57:16.297
4.760,0.86968243,0.95106596,0.79084607,0.59749652,2026-05-03T23:57:16.337Z,2026-05-03 19:57:16.337
4.800,0.90422669,-0.17272000,0.68382242,0.61532234,2026-05-03T23:57:16.377Z,2026-05-03 19:57:16.377
4.840,1.80958080,0.81922235,0.76605727,0.51817048,2026-05-03T23:57:16.417Z,2026-05-03 19:57:16.417
4.880,0.86567675,-0.10870329,0.68932609,0.51862952,2026-05-03T23:57:16.457Z,2026-05-03 19:57:16.457
4.920,-0.29375023,0.64441743,0.72424615,0.34899814,2026-05-03T23:57:16.497Z,2026-05-03 19:57:16.497
4.960,0.53177045,0.75990061,0.59693494,0.33526868,2026-05-03T23:57:16.537Z,2026-05-03 19:57:16.537
5.000,-0.44512111,0.63405094,0.57534020,0.32707334,2026-05-03T23:57:16.577Z,2026-05-03 19:57:16.577
5.040,1.28536268,0.00341049,0.51769106,0.30398108,2026-05-03T23:57:16.617Z,2026-05-03 19:57:16.617
5.080,0.12142068,0.24091718,0.45794098,0.35438211,2026-05-03T23:57:16.657Z,2026-05-03 19:57:16.657
5.120,0.45843343,-0.36481041,0.30643808,0.29072988,2026-05-03T23:57:16.697Z,2026-05-03 19:57:16.697
5.160,-0.62340926,-0.04486736,0.22202652,0.32086152,2026-05-03T23:57:16.737Z,2026-05-03 19:57:16.737
5.200,-0.11485157,0.37037928,0.27204556,0.30341896,2026-05-03T23:57:16.777Z,2026-05-03 19:57:16.777
5.240,0.28229932,0.76218701,0.22531374,0.24294745,2026-05-03T23:57:16.817Z,2026-05-03 19:57:16.817
5.280,0.32419421,0.44024940,0.25860346,0.13648746,2026-05-03T23:57:16.857Z,2026-05-03 19:57:16.857
5.320,0.78608257,0.20110055,0.07918323,0.08540999,2026-05-03T23:57:16.897Z,2026-05-03 19:57:16.897
5.360,0.07323748,0.26697797,0.02108663,0.06600241,2026-05-03T23:57:16.937Z,2026-05-03 19:57:16.937
5.400,0.33422081,0.48045225,-0.01083529,0.15638818,2026-05-03T23:57:16.977Z,2026-05-03 19:57:16.977
5.440,0.04617198,0.17389874,0.09071032,0.21710421,2026-05-03T23:57:17.017Z,2026-05-03 19:57:17.017
5.480,0.05550444,-0.73792999,0.15641649,0.19496228,2026-05-03T23:57:17.057Z,2026-05-03 19:57:17.057
5.520,-0.28441265,-0.88879860,0.11499011,0.10415886,2026-05-03T23:57:17.097Z,2026-05-03 19:57:17.097
5.560,-0.76754691,0.03557192,0.07582798,0.03675402,2026-05-03T23:57:17.137Z,2026-05-03 19:57:17.137
5.600,0.17572692,0.61846860,-0.04170366,-0.01106044,2026-05-03T23:57:17.177Z,2026-05-03 19:57:17.177
5.640,0.55703202,0.58427235,-0.07170515,-0.07012000,2026-05-03T23:57:17.217Z,2026-05-03 19:57:17.217
5.680,0.55178087,0.13622382,-0.13395508,-0.16199360,2026-05-03T23:57:17.257Z,2026-05-03 19:57:17.257
5.720,-0.19814146,-0.13624360,-0.18555400,-0.20237606,2026-05-03T23:57:17.297Z,2026-05-03 19:57:17.297
5.760,-0.09625055,-0.30554537,-0.21204102,-0.15107188,2026-05-03T23:57:17.337Z,2026-05-03 19:57:17.337
5.800,-0.32230460,-0.37016180,-0.19940919,-0.14000472,2026-05-03T23:57:17.377Z,2026-05-03 19:57:17.377
5.840,-0.27379111,-0.40906920,-0.19653864,-0.21293842,2026-05-03T23:57:17.417Z,2026-05-03 19:57:17.417
5.880,-0.30026037,-0.46559471,-0.28352694,-0.36387373,2026-05-03T23:57:17.457Z,2026-05-03 19:57:17.457
5.920,-0.61545692,-0.23535068,-0.43049385,-0.51662538,2026-05-03T23:57:17.497Z,2026-05-03 19:57:17.497
5.960,-0.21805582,-0.03110105,-0.58399887,-0.60420813,2026-05-03T23:57:17.537Z,2026-05-03 19:57:17.537
6.000,-0.13853798,-0.63788713,-0.63049034,-0.66119075,2026-05-03T23:57:17.577Z,2026-05-03 19:57:17.577
6.040,-0.70128594,-1.31117775,-0.69305449,-0.69820710,2026-05-03T23:57:17.617Z,2026-05-03 19:57:17.617
6.080,-1.16208867,-0.97533511,-0.73626576,-0.73550162,2026-05-03T23:57:17.657Z,2026-05-03 19:57:17.657
6.120,-0.89893037,-0.73910265,-0.78355893,-0.78596216,2026-05-03T23:57:17.697Z,2026-05-03 19:57:17.697
6.160,-0.65005471,-0.66058375,-0.84733960,-0.83794112,2026-05-03T23:57:17.737Z,2026-05-03 19:57:17.737
6.200,-0.68685038,-0.69841748,-0.87711350,-0.91048269,2026-05-03T23:57:17.777Z,2026-05-03 19:57:17.777
6.240,-0.67840830,-0.68453664,-0.94564368,-1.02681695,2026-05-03T23:57:17.817Z,2026-05-03 19:57:17.817
6.280,-0.79299405,-0.77192828,-1.03677268,-1.05434864,2026-05-03T23:57:17.857Z,2026-05-03 19:57:17.857
6.320,-0.72521436,-1.05624889,-1.05286837,-1.04182948,2026-05-03T23:57:17.897Z,2026-05-03 19:57:17.897
6.360,-1.01905012,-1.22862813,-1.04361020,-1.04149225,2026-05-03T23:57:17.937Z,2026-05-03 19:57:17.937
6.400,-1.06545601,-0.87325461,-1.04695255,-1.07304789,2026-05-03T23:57:17.977Z,2026-05-03 19:57:17.977
6.440,-0.73881351,-0.80331778,-1.08256841,-1.10778314,2026-05-03T23:57:18.017Z,2026-05-03 19:57:18.017
6.480,-0.71061457,-0.89426239,-1.10681802,-1.12711484,2026-05-03T23:57:18.057Z,2026-05-03 19:57:18.057
6.520,-0.86135915,-0.99907787,-1.11961937,-1.15466005,2026-05-03T23:57:18.097Z,2026-05-03 19:57:18.097
6.560,-0.94975419,-0.97061694,-1.12468129,-1.18381960,2026-05-03T23:57:18.137Z,2026-05-03 19:57:18.137
6.600,-0.94586424,-1.13453729,-1.15531815,-1.18975123,2026-05-03T23:57:18.177Z,2026-05-03 19:57:18.177
6.640,-1.04620849,-0.98944410,-1.15879641,-1.18786662,2026-05-03T23:57:18.217Z,2026-05-03 19:57:18.217
6.680,-0.91543839,-0.85944555,-1.15863012,-1.20917995,2026-05-03T23:57:18.257Z,2026-05-03 19:57:18.257
6.720,-0.77884661,-0.91116807,-1.18557482,-1.23163149,2026-05-03T23:57:18.297Z,2026-05-03 19:57:18.297
6.760,-0.83960402,-1.05445784,-1.20819010,-1.24645294,2026-05-03T23:57:18.337Z,2026-05-03 19:57:18.337
6.800,-1.04658661,-1.14918545,-1.21678080,-1.26119346,2026-05-03T23:57:18.377Z,2026-05-03 19:57:18.377
6.840,-1.08112793,-1.18219061,-1.22762614,-1.28150957,2026-05-03T23:57:18.417Z,2026-05-03 19:57:18.417
6.880,-1.06229568,-1.10486347,-1.24137869,-1.27046704,2026-05-03T23:57:18.457Z,2026-05-03 19:57:18.457
6.920,-0.98604333,-0.99190371,-1.22200923,-1.26076708,2026-05-03T23:57:18.497Z,2026-05-03 19:57:18.497
6.960,-0.87745853,-1.03211590,-1.20485167,-1.26371486,2026-05-03T23:57:18.537Z,2026-05-03 19:57:18.537
7.000,-0.94012629,-1.19251762,-1.22076628,-1.25198208,2026-05-03T23:57:18.577Z,2026-05-03 19:57:18.577
7.040,-1.09565608,-1.22961125,-1.21080180,-1.23159321,2026-05-03T23:57:18.617Z,2026-05-03 19:57:18.617
7.080,-1.14198834,-1.00827472,-1.19417640,-1.22115633,2026-05-03T23:57:18.657Z,2026-05-03 19:57:18.657
7.120,-0.85175887,-0.90776382,-1.19032846,-1.21859853,2026-05-03T23:57:18.697Z,2026-05-03 19:57:18.697
7.160,-0.77871969,-0.88064371,-1.19050933,-1.22741575,2026-05-03T23:57:18.737Z,2026-05-03 19:57:18.737
7.200,-0.90419763,-0.82609713,-1.20117124,-1.24536787,2026-05-03T23:57:18.777Z,2026-05-03 19:57:18.777
7.240,-0.76811034,-0.86712934,-1.21724091,-1.24670010,2026-05-03T23:57:18.817Z,2026-05-03 19:57:18.817
7.280,-0.86282880,-1.01063564,-1.21799228,-1.22814949,2026-05-03T23:57:18.857Z,2026-05-03 19:57:18.857
7.320,-1.01813919,-1.13556446,-1.20096702,-1.21237235,2026-05-03T23:57:18.897Z,2026-05-03 19:57:18.897
7.360,-1.06548206,-1.30686879,-1.18287303,-1.21395896,2026-05-03T23:57:18.937Z,2026-05-03 19:57:18.937
7.400,-1.20841679,-1.27438060,-1.19393433,-1.23658254,2026-05-03T23:57:18.977Z,2026-05-03 19:57:18.977
7.440,-1.06044499,-1.04701370,-1.22691114,-1.26619977,2026-05-03T23:57:19.017Z,2026-05-03 19:57:19.017
7.480,-0.94784125,-0.95667595,-1.24603758,-1.30971409,2026-05-03T23:57:19.057Z,2026-05-03 19:57:19.057
7.520,-0.88629184,-0.99274920,-1.28576311,-1.33995736,2026-05-03T23:57:19.097Z,2026-05-03 19:57:19.097
7.560,-0.88721630,-1.02625769,-1.29435086,-1.32584434,2026-05-03T23:57:19.137Z,2026-05-03 19:57:19.137
7.600,-0.96136469,-1.17477567,-1.27860961,-1.30493500,2026-05-03T23:57:19.177Z,2026-05-03 19:57:19.177
7.640,-1.14310006,-1.21623008,-1.26208038,-1.27755720,2026-05-03T23:57:19.217Z,2026-05-03 19:57:19.217
7.680,-1.16366110,-1.28421167,-1.23283870,-1.24004775,2026-05-03T23:57:19.257Z,2026-05-03 19:57:19.257
7.720,-1.12806491,-1.10354747,-1.20198881,-1.20648039,2026-05-03T23:57:19.297Z,2026-05-03 19:57:19.297
7.760,-0.92427245,-0.90941632,-1.17534498,-1.17957020,2026-05-03T23:57:19.337Z,2026-05-03 19:57:19.337
7.800,-0.88336221,-0.94151750,-1.14559672,-1.13228467,2026-05-03T23:57:19.377Z,2026-05-03 19:57:19.377
7.840,-0.89964299,-0.94348853,-1.11176951,-1.09765204,2026-05-03T23:57:19.417Z,2026-05-03 19:57:19.417
7.880,-0.83975837,-0.84352491,-1.08310590,-1.07338052,2026-05-03T23:57:19.457Z,2026-05-03 19:57:19.457
7.920,-0.76976000,-0.76265707,-1.06249563,-1.06014160,2026-05-03T23:57:19.497Z,2026-05-03 19:57:19.497
7.960,-0.72682510,-0.73891763,-1.05210730,-1.05265276,2026-05-03T23:57:19.537Z,2026-05-03 19:57:19.537
8.000,-0.65742219,-0.61202562,-1.04615399,-1.04248705,2026-05-03T23:57:19.577Z,2026-05-03 19:57:19.577
8.040,-0.61826092,-0.69204744,-1.03915852,-1.04388512,2026-05-03T23:57:19.617Z,2026-05-03 19:57:19.617
8.080,-0.68061665,-0.83337663,-1.04088584,-1.04693443,2026-05-03T23:57:19.657Z,2026-05-03 19:57:19.657
8.120,-0.81409440,-0.96636340,-1.04240639,-1.05201503,2026-05-03T23:57:19.697Z,2026-05-03 19:57:19.697
8.160,-0.93602775,-1.07688666,-1.05154764,-1.06976445,2026-05-03T23:57:19.737Z,2026-05-03 19:57:19.737
8.200,-0.98976071,-0.94297292,-1.06987735,-1.09813835,2026-05-03T23:57:19.777Z,2026-05-03 19:57:19.777
8.240,-0.83639509,-0.92661992,-1.09443067,-1.13058254,2026-05-03T23:57:19.817Z,2026-05-03 19:57:19.817
8.280,-0.90601260,-0.98283126,-1.13010850,-1.18523147,2026-05-03T23:57:19.857Z,2026-05-03 19:57:19.857
8.320,-0.92038445,-1.01473809,-1.17448058,-1.22899498,2026-05-03T23:57:19.897Z,2026-05-03 19:57:19.897
8.360,-0.95976845,-1.07683892,-1.20831748,-1.25688167,2026-05-03T23:57:19.937Z,2026-05-03 19:57:19.937
8.400,-0.99309090,-1.09736163,-1.23024058,-1.26735190,2026-05-03T23:57:19.977Z,2026-05-03 19:57:19.977
8.440,-1.00152986,-1.08901794,-1.23063762,-1.26430038,2026-05-03T23:57:20.017Z,2026-05-03 19:57:20.017
8.480,-1.00401037,-1.09071833,-1.23215746,-1.28176048,2026-05-03T23:57:20.057Z,2026-05-03 19:57:20.057
8.520,-0.99087761,-1.05167626,-1.25057267,-1.29600054,2026-05-03T23:57:20.097Z,2026-05-03 19:57:20.097
8.560,-0.94393045,-1.08918306,-1.26033398,-1.30756877,2026-05-03T23:57:20.137Z,2026-05-03 19:57:20.137
8.600,-1.02112765,-1.07268566,-1.26976464,-1.30909064,2026-05-03T23:57:20.177Z,2026-05-03 19:57:20.177
8.640,-0.93989227,-1.04237664,-1.27008274,-1.30564765,2026-05-03T23:57:20.217Z,2026-05-03 19:57:20.217
8.680,-1.00790305,-1.12172158,-1.26797657,-1.29738648,2026-05-03T23:57:20.257Z,2026-05-03 19:57:20.257
8.720,-1.00037156,-1.05096821,-1.26276046,-1.29612288,2026-05-03T23:57:20.297Z,2026-05-03 19:57:20.297
8.760,-0.99851391,-1.09446468,-1.26230463,-1.28887371,2026-05-03T23:57:20.337Z,2026-05-03 19:57:20.337
8.800,-1.01113852,-1.02847519,-1.25165871,-1.28080767,2026-05-03T23:57:20.377Z,2026-05-03 19:57:20.377
8.840,-0.96273907,-1.04202890,-1.24990576,-1.27193366,2026-05-03T23:57:20.417Z,2026-05-03 19:57:20.417
8.880,-0.97187911,-1.01349091,-1.23336815,-1.25035691,2026-05-03T23:57:20.457Z,2026-05-03 19:57:20.457
8.920,-0.94967096,-1.07487248,-1.22094406,-1.23736445,2026-05-03T23:57:20.497Z,2026-05-03 19:57:20.497
8.960,-0.99898794,-1.01576915,-1.19418717,-1.14868416,2026-05-03T23:57:20.537Z,2026-05-03 19:57:20.537
9.000,-0.89358373,-0.97567270,-1.07414923,-0.95024129,2026-05-03T23:57:20.577Z,2026-05-03 19:57:20.577
9.040,-0.92792748,-0.99635756,-0.85231109,-0.66282716,2026-05-03T23:57:20.617Z,2026-05-03 19:57:20.617
9.080,-0.86312512,-0.87708889,-0.65050074,-0.52124910,2026-05-03T23:57:20.657Z,2026-05-03 19:57:20.657
9.120,-0.83433815,-0.91788969,-0.51756181,-0.33806583,2026-05-03T23:57:20.697Z,2026-05-03 19:57:20.697
9.160,-0.76788712,-0.46847808,-0.39123213,-0.21672028,2026-05-03T23:57:20.737Z,2026-05-03 19:57:20.737
9.200,-0.24724084,0.15229743,-0.25776524,-0.07486310,2026-05-03T23:57:20.777Z,2026-05-03 19:57:20.777
9.240,0.32258733,0.76930568,-0.16476525,0.04265492,2026-05-03T23:57:20.817Z,2026-05-03 19:57:20.817
9.280,0.47934079,0.32873817,-0.03769865,0.16125594,2026-05-03T23:57:20.857Z,2026-05-03 19:57:20.857
9.320,0.29830444,0.68975884,0.04021839,0.23159098,2026-05-03T23:57:20.897Z,2026-05-03 19:57:20.897
9.360,0.35019905,0.41932400,0.40428643,1.01227067,2026-05-03T23:57:20.937Z,2026-05-03 19:57:20.937
9.400,0.48683094,0.63665652,0.49868222,1.05735120,2026-05-03T23:57:20.977Z,2026-05-03 19:57:20.977
9.440,0.25982336,0.54523606,1.04841318,1.21896468,2026-05-03T23:57:21.017Z,2026-05-03 19:57:21.017
9.480,0.59580687,0.62743603,1.05226469,1.19588807,2026-05-03T23:57:21.057Z,2026-05-03 19:57:21.057
9.520,0.24922576,0.22058437,1.14857209,1.24185193,2026-05-03T23:57:21.097Z,2026-05-03 19:57:21.097
9.560,2.16264521,4.38700876,1.25991177,1.37346589,2026-05-03T23:57:21.137Z,2026-05-03 19:57:21.137
9.600,0.62462140,0.18856019,1.35861183,1.43635056,2026-05-03T23:57:21.177Z,2026-05-03 19:57:21.177
9.640,3.53659150,1.65401471,1.37065779,1.46867997,2026-05-03T23:57:21.217Z,2026-05-03 19:57:21.217
9.680,-0.16298235,-0.32008519,1.37502116,1.45051542,2026-05-03T23:57:21.257Z,2026-05-03 19:57:21.257
9.720,1.39370976,1.27904704,1.40236553,1.41450074,2026-05-03T23:57:21.297Z,2026-05-03 19:57:21.297
9.760,1.65106470,1.80664299,1.35110907,1.41423439,2026-05-03T23:57:21.337Z,2026-05-03 19:57:21.337
9.800,1.46752793,1.42249580,1.37253561,1.39578424,2026-05-03T23:57:21.377Z,2026-05-03 19:57:21.377
9.840,0.53323932,0.87855582,1.18586641,0.85854942,2026-05-03T23:57:21.417Z,2026-05-03 19:57:21.417
9.880,0.55044792,0.35712520,1.16676159,0.84350991,2026-05-03T23:57:21.457Z,2026-05-03 19:57:21.457
9.920,0.67275712,-0.09755751,0.71733127,0.75743328,2026-05-03T23:57:21.497Z,2026-05-03 19:57:21.497
9.960,-0.37464534,0.62365542,0.72849568,0.76346481,2026-05-03T23:57:21.537Z,2026-05-03 19:57:21.537
10.000,0.57977134,-0.14906415,0.61399637,0.68609295,2026-05-03T23:57:21.577Z,2026-05-03 19:57:21.577
10.040,0.26743408,0.96747238,0.41417853,0.49138671,2026-05-03T23:57:21.617Z,2026-05-03 19:57:21.617
10.080,0.36069130,-0.05282760,0.30514180,0.40724144,2026-05-03T23:57:21.657Z,2026-05-03 19:57:21.657
10.120,0.49062206,0.91824586,0.27076708,0.37311847,2026-05-03T23:57:21.697Z,2026-05-03 19:57:21.697
10.160,0.02650157,-0.19953784,0.28103283,0.33459394,2026-05-03T23:57:21.737Z,2026-05-03 19:57:21.737
10.200,0.32343436,0.53129266,0.56958381,0.65597582,2026-05-03T23:57:21.777Z,2026-05-03 19:57:21.777
10.240,-0.20614747,0.05007610,0.65614258,0.66770341,2026-05-03T23:57:21.817Z,2026-05-03 19:57:21.817
10.280,0.66735515,0.75690812,0.78021658,0.78492913,2026-05-03T23:57:21.857Z,2026-05-03 19:57:21.857
10.320,0.18409645,0.57076638,0.75224179,0.78746561,2026-05-03T23:57:21.897Z,2026-05-03 19:57:21.897
10.360,0.64084526,-0.12240395,0.88886578,0.83809835,2026-05-03T23:57:21.937Z,2026-05-03 19:57:21.937
10.400,2.47188886,2.42464555,0.84231667,0.84410359,2026-05-03T23:57:21.977Z,2026-05-03 19:57:21.977
10.440,0.77001728,0.74577154,0.90830433,0.92400607,2026-05-03T23:57:22.017Z,2026-05-03 19:57:22.017
10.480,1.63857580,1.20750616,0.97892152,0.99645454,2026-05-03T23:57:22.057Z,2026-05-03 19:57:22.057
10.520,-0.17377710,0.99182464,1.02677507,1.05181055,2026-05-03T23:57:22.097Z,2026-05-03 19:57:22.097
10.560,1.63748289,0.63974678,1.04723340,1.06573429,2026-05-03T23:57:22.137Z,2026-05-03 19:57:22.137
10.600,-0.22818593,0.97799250,1.05277172,1.09028895,2026-05-03T23:57:22.177Z,2026-05-03 19:57:22.177
10.640,0.86202241,0.89092177,1.02175092,1.17777296,2026-05-03T23:57:22.217Z,2026-05-03 19:57:22.217
10.680,1.11493079,1.29750856,0.80500723,1.15191187,2026-05-03T23:57:22.257Z,2026-05-03 19:57:22.257
10.720,0.55154054,0.81004317,0.91097300,1.12990121,2026-05-03T23:57:22.297Z,2026-05-03 19:57:22.297
10.760,0.89774040,0.91510336,0.88545532,1.16645983,2026-05-03T23:57:22.337Z,2026-05-03 19:57:22.337
10.800,0.27012211,0.86735269,0.99714582,1.26172298,2026-05-03T23:57:22.377Z,2026-05-03 19:57:22.377
10.840,0.21870955,1.09137497,1.11460613,1.44949552,2026-05-03T23:57:22.417Z,2026-05-03 19:57:22.417
10.880,0.84227498,2.24238146,1.32958622,1.55427370,2026-05-03T23:57:22.457Z,2026-05-03 19:57:22.457
10.920,1.68369857,0.45772807,1.33240682,1.59583065,2026-05-03T23:57:22.497Z,2026-05-03 19:57:22.497
10.960,1.43986071,1.55207570,1.30935072,1.52102151,2026-05-03T23:57:22.537Z,2026-05-03 19:57:22.537
11.000,1.21580289,1.89075476,1.29523095,1.53505328,2026-05-03T23:57:22.577Z,2026-05-03 19:57:22.577
11.040,2.46043641,2.43706355,1.33640131,1.57034859,2026-05-03T23:57:22.617Z,2026-05-03 19:57:22.617
11.080,2.15352919,2.04021228,1.37175158,1.54027487,2026-05-03T23:57:22.657Z,2026-05-03 19:57:22.657
11.120,0.89574950,1.38539688,1.38791324,1.55130247,2026-05-03T23:57:22.697Z,2026-05-03 19:57:22.697
11.160,0.85303911,0.26616659,1.71258797,1.46619512,2026-05-03T23:57:22.737Z,2026-05-03 19:57:22.737
11.200,0.34214079,0.99167515,1.58123702,1.46760432,2026-05-03T23:57:22.777Z,2026-05-03 19:57:22.777
11.240,1.33830623,1.33440122,1.54304271,1.39245847,2026-05-03T23:57:22.817Z,2026-05-03 19:57:22.817
11.280,0.78036885,0.42550690,1.45008497,1.29862485,2026-05-03T23:57:22.857Z,2026-05-03 19:57:22.857
11.320,0.47970738,1.22049193,1.26293113,1.07971827,2026-05-03T23:57:22.897Z,2026-05-03 19:57:22.897
11.360,3.46065451,1.47041991,1.09023831,1.00585679,2026-05-03T23:57:22.937Z,2026-05-03 19:57:22.937
11.400,-0.15487412,0.47979501,1.05764598,0.89992136,2026-05-03T23:57:22.977Z,2026-05-03 19:57:22.977
11.440,1.01608485,0.69263143,1.05937459,0.94638061,2026-05-03T23:57:23.017Z,2026-05-03 19:57:23.017
11.480,-0.20770249,0.95948148,1.07849101,0.94993740,2026-05-03T23:57:23.057Z,2026-05-03 19:57:23.057
11.520,0.78462788,0.35653079,1.03435207,0.81754429,2026-05-03T23:57:23.097Z,2026-05-03 19:57:23.097
11.560,0.55179824,1.44828283,1.00688529,0.84967509,2026-05-03T23:57:23.137Z,2026-05-03 19:57:23.137
11.600,0.50832210,0.20775604,0.99620367,0.73878979,2026-05-03T23:57:23.177Z,2026-05-03 19:57:23.177
11.640,0.87192675,0.84085613,0.52239562,0.62459654,2026-05-03T23:57:23.217Z,2026-05-03 19:57:23.217
11.680,0.59920576,1.02762758,0.61302520,0.62504967,2026-05-03T23:57:23.257Z,2026-05-03 19:57:23.257
11.720,0.90912953,-0.31609587,0.52577351,0.58587853,2026-05-03T23:57:23.297Z,2026-05-03 19:57:23.297
11.760,0.44517953,0.79797674,0.57204938,0.53652431,2026-05-03T23:57:23.337Z,2026-05-03 19:57:23.337
11.800,0.33437344,-0.06732639,0.50207022,0.52866947,2026-05-03T23:57:23.377Z,2026-05-03 19:57:23.377
11.840,0.40637950,0.40103125,0.43933445,0.34700410,2026-05-03T23:57:23.417Z,2026-05-03 19:57:23.417
11.880,0.89517403,0.48494176,0.38795341,0.34413962,2026-05-03T23:57:23.457Z,2026-05-03 19:57:23.457
11.920,0.11159955,0.24869298,0.35238576,0.29054454,2026-05-03T23:57:23.497Z,2026-05-03 19:57:23.497
11.960,0.42504508,0.47552251,0.35627958,0.24666350,2026-05-03T23:57:23.537Z,2026-05-03 19:57:23.537
12.000,-0.00519983,0.26215857,0.34483510,0.32171383,2026-05-03T23:57:23.577Z,2026-05-03 19:57:23.577
12.040,-0.25001616,-0.40928030,0.30385494,0.28197636,2026-05-03T23:57:23.617Z,2026-05-03 19:57:23.617
12.080,-0.10890980,0.17390545,0.29969345,0.31695899,2026-05-03T23:57:23.657Z,2026-05-03 19:57:23.657
12.120,0.56316511,0.34330079,0.29922428,0.33409529,2026-05-03T23:57:23.697Z,2026-05-03 19:57:23.697
12.160,0.63453001,0.67652289,0.25102298,0.31006581,2026-05-03T23:57:23.737Z,2026-05-03 19:57:23.737
12.200,0.81751357,0.57774111,0.23187783,0.25541808,2026-05-03T23:57:23.777Z,2026-05-03 19:57:23.777
12.240,-0.02129357,0.43657271,0.14140651,0.16506229,2026-05-03T23:57:23.817Z,2026-05-03 19:57:23.817
12.280,0.29054656,0.34972605,0.15225656,0.16556767,2026-05-03T23:57:23.857Z,2026-05-03 19:57:23.857
12.320,0.40171542,0.56989331,0.22133819,0.26983343,2026-05-03T23:57:23.897Z,2026-05-03 19:57:23.897
12.360,0.49214668,0.23127127,0.30800843,0.31507722,2026-05-03T23:57:23.937Z,2026-05-03 19:57:23.937
12.400,-0.13404947,-0.55038186,0.25944001,0.30162252,2026-05-03T23:57:23.977Z,2026-05-03 19:57:23.977
12.440,-1.08742271,-0.81754280,0.19678126,0.23244880,2026-05-03T23:57:24.017Z,2026-05-03 19:57:24.017
12.480,0.11997613,0.26735006,0.09388042,0.16551536,2026-05-03T23:57:24.057Z,2026-05-03 19:57:24.057
12.520,0.52004348,0.75690894,0.08004738,0.10579117,2026-05-03T23:57:24.097Z,2026-05-03 19:57:24.097
12.560,0.77456706,0.63250685,0.03609572,0.04844108,2026-05-03T23:57:24.137Z,2026-05-03 19:57:24.137
12.600,0.05553781,0.19463572,-0.04496578,-0.04717231,2026-05-03T23:57:24.177Z,2026-05-03 19:57:24.177
12.640,0.00278359,-0.05281663,-0.12062603,-0.07699948,2026-05-03T23:57:24.217Z,2026-05-03 19:57:24.217
12.680,-0.16943323,-0.14332807,-0.10496069,-0.02957098,2026-05-03T23:57:24.257Z,2026-05-03 19:57:24.257
12.720,-0.19766550,-0.23330163,-0.07738663,-0.02052825,2026-05-03T23:57:24.297Z,2026-05-03 19:57:24.297
12.760,-0.19397981,-0.30847097,-0.15064077,-0.11227318,2026-05-03T23:57:24.337Z,2026-05-03 19:57:24.337
12.800,-0.54426164,-0.45082559,-0.27783173,-0.27400853,2026-05-03T23:57:24.377Z,2026-05-03 19:57:24.377
12.840,-0.22390320,-0.07078263,-0.45893068,-0.42118928,2026-05-03T23:57:24.417Z,2026-05-03 19:57:24.417
12.880,0.03335094,0.06844156,-0.52333423,-0.50257345,2026-05-03T23:57:24.457Z,2026-05-03 19:57:24.457
12.920,-0.39395951,-0.61227042,-0.59282407,-0.56375375,2026-05-03T23:57:24.497Z,2026-05-03 19:57:24.497
12.960,-1.13464218,-1.27526744,-0.64543477,-0.61699615,2026-05-03T23:57:24.537Z,2026-05-03 19:57:24.537
13.000,-0.93257260,-0.95986496,-0.68740314,-0.66536718,2026-05-03T23:57:24.577Z,2026-05-03 19:57:24.577
13.040,-0.74452922,-0.69030832,-0.75003772,-0.72109061,2026-05-03T23:57:24.617Z,2026-05-03 19:57:24.617
13.080,-0.55844703,-0.55809371,-0.78542320,-0.77171240,2026-05-03T23:57:24.657Z,2026-05-03 19:57:24.657
13.120,-0.67687868,-0.68249393,-0.84981867,-0.86583261,2026-05-03T23:57:24.697Z,2026-05-03 19:57:24.697
13.160,-0.71591159,-0.68981906,-0.96082509,-0.99140329,2026-05-03T23:57:24.737Z,2026-05-03 19:57:24.737
13.200,-0.58888373,-0.74446421,-1.00884611,-1.01699569,2026-05-03T23:57:24.777Z,2026-05-03 19:57:24.777
13.240,-0.83320942,-0.98890296,-0.99823164,-1.00543845,2026-05-03T23:57:24.817Z,2026-05-03 19:57:24.817
13.280,-1.18433358,-1.27857892,-0.99570720,-1.00619551,2026-05-03T23:57:24.857Z,2026-05-03 19:57:24.857
13.320,-0.80888863,-0.87960533,-1.01474520,-1.03848814,2026-05-03T23:57:24.897Z,2026-05-03 19:57:24.897
13.360,-0.67571942,-0.74782364,-1.05543159,-1.08486289,2026-05-03T23:57:24.937Z,2026-05-03 19:57:24.937
13.400,-0.76854057,-0.85129595,-1.06913059,-1.10298132,2026-05-03T23:57:24.977Z,2026-05-03 19:57:24.977
13.440,-0.90853564,-0.99465447,-1.07756453,-1.12019182,2026-05-03T23:57:25.017Z,2026-05-03 19:57:25.017
13.480,-0.89494542,-0.97086649,-1.11765428,-1.15125658,2026-05-03T23:57:25.057Z,2026-05-03 19:57:25.057
13.520,-0.99225752,-1.07025202,-1.13639496,-1.16272400,2026-05-03T23:57:25.097Z,2026-05-03 19:57:25.097
13.560,-0.94736595,-0.97582444,-1.13227461,-1.15849835,2026-05-03T23:57:25.137Z,2026-05-03 19:57:25.137
13.600,-0.79774807,-0.83484993,-1.15003835,-1.17789986,2026-05-03T23:57:25.177Z,2026-05-03 19:57:25.177
13.640,-0.79108310,-0.83033969,-1.18064226,-1.20697123,2026-05-03T23:57:25.217Z,2026-05-03 19:57:25.217
13.680,-0.93535082,-1.05804245,-1.19450894,-1.22179408,2026-05-03T23:57:25.257Z,2026-05-03 19:57:25.257
13.720,-1.08332051,-1.16331222,-1.20535286,-1.23322423,2026-05-03T23:57:25.297Z,2026-05-03 19:57:25.297
13.760,-1.06534858,-1.15915528,-1.22389643,-1.25232012,2026-05-03T23:57:25.337Z,2026-05-03 19:57:25.337
13.800,-1.00597744,-1.10664465,-1.22923495,-1.25506656,2026-05-03T23:57:25.377Z,2026-05-03 19:57:25.377
13.840,-0.92204923,-0.99400938,-1.22995146,-1.26105408,2026-05-03T23:57:25.417Z,2026-05-03 19:57:25.417
13.880,-0.88051693,-0.98277565,-1.24324236,-1.27519227,2026-05-03T23:57:25.457Z,2026-05-03 19:57:25.457
13.920,-1.03656855,-1.13993927,-1.25830897,-1.29346366,2026-05-03T23:57:25.497Z,2026-05-03 19:57:25.497
13.960,-1.14847065,-1.23471624,-1.26964579,-1.30196049,2026-05-03T23:57:25.537Z,2026-05-03 19:57:25.537
14.000,-1.06502057,-1.10532585,-1.27479275,-1.30817343,2026-05-03T23:57:25.577Z,2026-05-03 19:57:25.577
14.040,-0.95464764,-1.03494397,-1.27483268,-1.30866491,2026-05-03T23:57:25.617Z,2026-05-03 19:57:25.617
14.080,-0.89728508,-0.93836062,-1.27403028,-1.30925696,2026-05-03T23:57:25.657Z,2026-05-03 19:57:25.657
14.120,-0.89874896,-0.96095775,-1.27704412,-1.31907716,2026-05-03T23:57:25.697Z,2026-05-03 19:57:25.697
14.160,-1.05731357,-1.16284222,-1.28857885,-1.33181747,2026-05-03T23:57:25.737Z,2026-05-03 19:57:25.737
14.200,-1.20294947,-1.29758061,-1.29564503,-1.33721327,2026-05-03T23:57:25.777Z,2026-05-03 19:57:25.777
14.240,-1.06590924,-1.16643882,-1.29767829,-1.33875492,2026-05-03T23:57:25.817Z,2026-05-03 19:57:25.817
14.280,-0.99744835,-1.11371323,-1.30111009,-1.34266132,2026-05-03T23:57:25.857Z,2026-05-03 19:57:25.857
14.320,-0.94747859,-1.08583717,-1.30171328,-1.33848878,2026-05-03T23:57:25.897Z,2026-05-03 19:57:25.897
14.360,-0.97340446,-1.09821326,-1.29807059,-1.33693566,2026-05-03T23:57:25.937Z,2026-05-03 19:57:25.937
14.400,-1.14356261,-1.22029514,-1.30330792,-1.33418953,2026-05-03T23:57:25.977Z,2026-05-03 19:57:25.977
14.440,-1.21118156,-1.27002858,-1.27350227,-1.30291190,2026-05-03T23:57:26.017Z,2026-05-03 19:57:26.017
14.480,-1.11582841,-1.15071735,-1.24730714,-1.27557864,2026-05-03T23:57:26.057Z,2026-05-03 19:57:26.057
14.520,-0.95966269,-1.00107382,-1.24609865,-1.27144755,2026-05-03T23:57:26.097Z,2026-05-03 19:57:26.097
14.560,-0.87264174,-0.92804061,-1.25424971,-1.27663877,2026-05-03T23:57:26.137Z,2026-05-03 19:57:26.137
14.600,-0.93747125,-0.94181409,-1.26992029,-1.28835424,2026-05-03T23:57:26.177Z,2026-05-03 19:57:26.177
14.640,-0.81501205,-0.88641418,-1.27897974,-1.29398283,2026-05-03T23:57:26.217Z,2026-05-03 19:57:26.217
14.680,-0.86872003,-0.94098678,-1.26152252,-1.28288725,2026-05-03T23:57:26.257Z,2026-05-03 19:57:26.257
14.720,-1.04820552,-1.10635168,-1.24729850,-1.26934508,2026-05-03T23:57:26.297Z,2026-05-03 19:57:26.297
14.760,-1.11525520,-1.19505988,-1.24107174,-1.26375296,2026-05-03T23:57:26.337Z,2026-05-03 19:57:26.337
14.800,-1.16704233,-1.30439512,-1.25093334,-1.28008039,2026-05-03T23:57:26.377Z,2026-05-03 19:57:26.377
14.840,-1.07979637,-1.17667387,-1.27671831,-1.31000351,2026-05-03T23:57:26.417Z,2026-05-03 19:57:26.417
14.880,-0.92764695,-1.06206769,-1.29326456,-1.33825169,2026-05-03T23:57:26.457Z,2026-05-03 19:57:26.457
14.920,-0.96883786,-1.05243651,-1.32309871,-1.36766951,2026-05-03T23:57:26.497Z,2026-05-03 19:57:26.497
14.960,-1.01908136,-1.07512016,-1.34285702,-1.38878308,2026-05-03T23:57:26.537Z,2026-05-03 19:57:26.537
15.000,-1.08313019,-1.21485793,-1.32753304,-1.37622069,2026-05-03T23:57:26.577Z,2026-05-03 19:57:26.577
15.040,-1.19633793,-1.31738413,-1.30976104,-1.35581662,2026-05-03T23:57:26.617Z,2026-05-03 19:57:26.617
15.080,-1.13202343,-1.24665886,-1.30161826,-1.34347544,2026-05-03T23:57:26.657Z,2026-05-03 19:57:26.657
15.120,-1.03396358,-1.10183396,-1.29223852,-1.33362831,2026-05-03T23:57:26.697Z,2026-05-03 19:57:26.697
15.160,-1.00636795,-1.09141257,-1.29112728,-1.32697944,2026-05-03T23:57:26.737Z,2026-05-03 19:57:26.737
15.200,-0.92388375,-1.00722894,-1.27513233,-1.30728285,2026-05-03T23:57:26.777Z,2026-05-03 19:57:26.777
15.240,-0.93621504,-1.00008962,-1.23912916,-1.27125454,2026-05-03T23:57:26.817Z,2026-05-03 19:57:26.817
15.280,-1.03960127,-1.10496747,-1.21264141,-1.24066984,2026-05-03T23:57:26.857Z,2026-05-03 19:57:26.857
15.320,-0.97671316,-1.06470371,-1.18954582,-1.21289708,2026-05-03T23:57:26.897Z,2026-05-03 19:57:26.897
15.360,-0.91904706,-1.00396817,-1.17384095,-1.19332401,2026-05-03T23:57:26.937Z,2026-05-03 19:57:26.937
15.400,-0.84704192,-0.89870244,-1.17093910,-1.19144616,2026-05-03T23:57:26.977Z,2026-05-03 19:57:26.977
15.440,-0.74282583,-0.79772579,-1.16702586,-1.18558373,2026-05-03T23:57:27.017Z,2026-05-03 19:57:27.017
15.480,-0.81350704,-0.87549748,-1.17322746,-1.19051191,2026-05-03T23:57:27.057Z,2026-05-03 19:57:27.057
15.520,-0.86017535,-0.90591097,-1.17410640,-1.19101254,2026-05-03T23:57:27.097Z,2026-05-03 19:57:27.097
15.560,-0.90270338,-0.95339279,-1.16469718,-1.18146302,2026-05-03T23:57:27.137Z,2026-05-03 19:57:27.137
15.600,-0.99143602,-1.07421031,-1.15723677,-1.17249564,2026-05-03T23:57:27.177Z,2026-05-03 19:57:27.177
15.640,-0.95508197,-1.01379246,-1.15306727,-1.16780726,2026-05-03T23:57:27.217Z,2026-05-03 19:57:27.217
15.680,-0.99988311,-1.06987718,-1.15635293,-1.17295089,2026-05-03T23:57:27.257Z,2026-05-03 19:57:27.257
15.720,-0.94621165,-1.00582393,-1.16922219,-1.18756325,2026-05-03T23:57:27.297Z,2026-05-03 19:57:27.297
15.760,-0.91737428,-0.98143682,-1.17672034,-1.19487890,2026-05-03T23:57:27.337Z,2026-05-03 19:57:27.337
15.800,-0.89121012,-0.95676106,-1.17266563,-1.19341514,2026-05-03T23:57:27.377Z,2026-05-03 19:57:27.377
15.840,-0.87546574,-0.95140525,-1.16810456,-1.18916758,2026-05-03T23:57:27.417Z,2026-05-03 19:57:27.417
15.880,-0.87846240,-0.94961288,-1.15435430,-1.17282655,2026-05-03T23:57:27.457Z,2026-05-03 19:57:27.457
15.920,-0.84604128,-0.92200899,-1.14609742,-1.16329072,2026-05-03T23:57:27.497Z,2026-05-03 19:57:27.497
15.960,-0.87954784,-0.94261168,-1.13649623,-1.15187349,2026-05-03T23:57:27.537Z,2026-05-03 19:57:27.537
16.000,-0.82494458,-0.89283355,-1.13022893,-1.14745738,2026-05-03T23:57:27.577Z,2026-05-03 19:57:27.577
16.040,-0.85867954,-0.91236731,-1.11231442,-1.12873275,2026-05-03T23:57:27.617Z,2026-05-03 19:57:27.617
16.080,-0.84180664,-0.89251676,-1.09230770,-1.10340583,2026-05-03T23:57:27.657Z,2026-05-03 19:57:27.657
16.120,-0.86469114,-0.91040594,-1.08368290,-1.09080408,2026-05-03T23:57:27.697Z,2026-05-03 19:57:27.697
16.160,-0.88228775,-0.93080854,-1.08022721,-1.08579321,2026-05-03T23:57:27.737Z,2026-05-03 19:57:27.737
16.200,-0.87485424,-0.95395963,-1.08658437,-1.09016146,2026-05-03T23:57:27.777Z,2026-05-03 19:57:27.777
16.240,-0.74618816,-0.79773219,-1.08579875,-1.09132673,2026-05-03T23:57:27.817Z,2026-05-03 19:57:27.817
16.280,-0.70643220,-0.72177267,-1.08100502,-1.08621727,2026-05-03T23:57:27.857Z,2026-05-03 19:57:27.857
16.320,-0.78730816,-0.81920470,-1.07679429,-1.08045245,2026-05-03T23:57:27.897Z,2026-05-03 19:57:27.897
16.360,-0.84024598,-0.89211188,-1.07438494,-1.07962094,2026-05-03T23:57:27.937Z,2026-05-03 19:57:27.937
16.400,-0.92055620,-0.97538074,-1.06793481,-1.07294052,2026-05-03T23:57:27.977Z,2026-05-03 19:57:27.977
16.440,-0.87058365,-0.95681353,-1.05977223,-1.06509326,2026-05-03T23:57:28.017Z,2026-05-03 19:57:28.017
16.480,-0.77866530,-0.84040780,-1.05517614,-1.05717378,2026-05-03T23:57:28.057Z,2026-05-03 19:57:28.057
16.520,-0.81433859,-0.85086664,-1.05268001,-1.05864527,2026-05-03T23:57:28.097Z,2026-05-03 19:57:28.097
16.560,-0.81669794,-0.88348023,-1.05162247,-1.05741764,2026-05-03T23:57:28.137Z,2026-05-03 19:57:28.137
16.600,-0.79667196,-0.83923110,-1.04822841,-1.05675839,2026-05-03T23:57:28.177Z,2026-05-03 19:57:28.177
16.640,-0.79352312,-0.84400914,-1.02372013,-1.03397229,2026-05-03T23:57:28.217Z,2026-05-03 19:57:28.217
16.680,-0.82293103,-0.86140358,-0.99118411,-0.99936456,2026-05-03T23:57:28.257Z,2026-05-03 19:57:28.257
16.720,-0.72391288,-0.81194478,-0.93025990,-0.93869941,2026-05-03T23:57:28.297Z,2026-05-03 19:57:28.297
16.760,-0.69752102,-0.71148790,-0.84410141,-0.84535687,2026-05-03T23:57:28.337Z,2026-05-03 19:57:28.337
16.800,-0.75457300,-0.81270343,-0.67428930,-0.68343534,2026-05-03T23:57:28.377Z,2026-05-03 19:57:28.377
16.840,-0.61696461,-0.67535803,-0.57258494,-0.52088304,2026-05-03T23:57:28.417Z,2026-05-03 19:57:28.417
16.880,-0.59196511,-0.62197880,-0.42387879,-0.39256213,2026-05-03T23:57:28.457Z,2026-05-03 19:57:28.457
16.920,-0.35324868,-0.40364243,-0.34980155,-0.27849324,2026-05-03T23:57:28.497Z,2026-05-03 19:57:28.497
16.960,-0.12350134,-0.10866666,-0.22064804,-0.15161132,2026-05-03T23:57:28.537Z,2026-05-03 19:57:28.537
17.000,0.37384505,0.34114585,-0.15281619,-0.05998586,2026-05-03T23:57:28.577Z,2026-05-03 19:57:28.577
17.040,0.12441862,0.47136766,-0.04640959,0.05770178,2026-05-03T23:57:28.617Z,2026-05-03 19:57:28.617
17.080,0.48836167,0.39448556,0.02861104,0.14124209,2026-05-03T23:57:28.657Z,2026-05-03 19:57:28.657
17.120,0.07277019,0.37559996,0.11573343,0.25068828,2026-05-03T23:57:28.697Z,2026-05-03 19:57:28.697
17.160,0.51199837,0.53337316,0.19398117,0.33060349,2026-05-03T23:57:28.737Z,2026-05-03 19:57:28.737
17.200,0.13716314,0.33961416,0.28800079,0.44539549,2026-05-03T23:57:28.777Z,2026-05-03 19:57:28.777
17.240,0.49824271,0.63487879,0.82081977,1.02089523,2026-05-03T23:57:28.817Z,2026-05-03 19:57:28.817
17.280,0.26639463,0.36387201,1.09730850,1.01174547,2026-05-03T23:57:28.857Z,2026-05-03 19:57:28.857
17.320,0.45674724,0.68296916,1.28934749,1.50841228,2026-05-03T23:57:28.897Z,2026-05-03 19:57:28.897
17.360,0.42372109,0.47992055,1.24944378,1.47175346,2026-05-03T23:57:28.937Z,2026-05-03 19:57:28.937
17.400,0.69845879,0.92337326,1.28224212,1.53227114,2026-05-03T23:57:28.977Z,2026-05-03 19:57:28.977
17.440,3.35682064,3.82901241,1.27530079,1.51211847,2026-05-03T23:57:29.017Z,2026-05-03 19:57:29.017
17.480,2.61527488,0.20397922,1.38522840,1.50450536,2026-05-03T23:57:29.057Z,2026-05-03 19:57:29.057
17.520,2.09837369,4.12468892,1.41760853,1.52758976,2026-05-03T23:57:29.097Z,2026-05-03 19:57:29.097
17.560,-0.23014664,-0.37426119,1.38885601,1.51803681,2026-05-03T23:57:29.137Z,2026-05-03 19:57:29.137
17.600,0.58811797,1.19414284,1.35540591,1.51604630,2026-05-03T23:57:29.177Z,2026-05-03 19:57:29.177
17.640,0.41075334,0.19277418,1.34707216,1.47329837,2026-05-03T23:57:29.217Z,2026-05-03 19:57:29.217
17.680,1.49195562,0.20445852,1.30473472,1.44995205,2026-05-03T23:57:29.257Z,2026-05-03 19:57:29.257
17.720,0.92799883,0.94757985,0.92824566,0.98899597,2026-05-03T23:57:29.297Z,2026-05-03 19:57:29.297
17.760,-0.35177950,0.19422090,0.59862021,1.00481852,2026-05-03T23:57:29.337Z,2026-05-03 19:57:29.337
17.800,-0.15829689,0.65438591,0.38587751,0.38051422,2026-05-03T23:57:29.377Z,2026-05-03 19:57:29.377
17.840,0.29110721,-0.39853462,0.37184792,0.38989854,2026-05-03T23:57:29.417Z,2026-05-03 19:57:29.417
17.880,0.03419934,0.60891489,0.35384234,0.28834382,2026-05-03T23:57:29.457Z,2026-05-03 19:57:29.457
17.920,0.59994516,0.21383871,0.29150461,0.25332430,2026-05-03T23:57:29.497Z,2026-05-03 19:57:29.497
17.960,-0.06554451,0.43309498,0.14228631,0.27262710,2026-05-03T23:57:29.537Z,2026-05-03 19:57:29.537
18.000,0.61518187,0.37669350,0.04537671,0.19410155,2026-05-03T23:57:29.577Z,2026-05-03 19:57:29.577
18.040,-0.49979834,-0.21101128,0.09818000,0.22976374,2026-05-03T23:57:29.617Z,2026-05-03 19:57:29.617
18.080,0.41325748,0.31302788,0.11081455,0.17303241,2026-05-03T23:57:29.657Z,2026-05-03 19:57:29.657
18.120,-0.42021208,-0.27442399,0.07397380,0.21629188,2026-05-03T23:57:29.697Z,2026-05-03 19:57:29.697
18.160,0.42793456,0.40821388,0.08319187,0.15006958,2026-05-03T23:57:29.737Z,2026-05-03 19:57:29.737
18.200,0.12893459,0.25231418,0.00578816,0.12937539,2026-05-03T23:57:29.777Z,2026-05-03 19:57:29.777
18.240,0.27633325,0.54721317,0.03424891,0.11337457,2026-05-03T23:57:29.817Z,2026-05-03 19:57:29.817
18.280,0.00028937,0.09769781,-0.03001770,0.08782676,2026-05-03T23:57:29.857Z,2026-05-03 19:57:29.857
18.320,-0.11062843,0.18457214,0.02073206,0.13639554,2026-05-03T23:57:29.897Z,2026-05-03 19:57:29.897
18.360,0.13433676,-0.07764610,-0.02041302,0.10905860,2026-05-03T23:57:29.937Z,2026-05-03 19:57:29.937
18.400,-0.14453692,-0.01949810,0.01537174,0.15325335,2026-05-03T23:57:29.977Z,2026-05-03 19:57:29.977
18.440,0.23292136,0.28120266,-0.02178585,0.12192459,2026-05-03T23:57:30.017Z,2026-05-03 19:57:30.017
18.480,0.05317553,0.12109860,-0.01827850,0.12466200,2026-05-03T23:57:30.057Z,2026-05-03 19:57:30.057
18.520,0.14901267,0.34033406,-0.03769634,0.08950756,2026-05-03T23:57:30.097Z,2026-05-03 19:57:30.097
18.560,0.02615983,0.02151136,0.62819968,0.43301762,2026-05-03T23:57:30.137Z,2026-05-03 19:57:30.137
18.600,0.04342744,0.25929488,0.70948582,0.45914147,2026-05-03T23:57:30.177Z,2026-05-03 19:57:30.177
18.640,0.08784319,0.08804730,0.86771898,0.78211442,2026-05-03T23:57:30.217Z,2026-05-03 19:57:30.217
18.680,0.16321518,0.27976528,0.88786206,0.81714141,2026-05-03T23:57:30.257Z,2026-05-03 19:57:30.257
18.720,0.09250411,0.22125127,0.92166603,0.97880145,2026-05-03T23:57:30.297Z,2026-05-03 19:57:30.297
18.760,3.59732050,2.41590716,1.02140992,1.05144687,2026-05-03T23:57:30.337Z,2026-05-03 19:57:30.337
18.800,0.86964494,0.48185787,1.03967878,1.16221958,2026-05-03T23:57:30.377Z,2026-05-03 19:57:30.377
18.840,1.66170554,2.53671063,1.18733534,1.24417365,2026-05-03T23:57:30.417Z,2026-05-03 19:57:30.417
18.880,0.19390000,0.47630953,1.18471958,1.29701772,2026-05-03T23:57:30.457Z,2026-05-03 19:57:30.457
18.920,0.66487587,1.84788817,1.28472914,1.36323234,2026-05-03T23:57:30.497Z,2026-05-03 19:57:30.497
18.960,1.22959498,1.03909660,1.28092322,1.37623560,2026-05-03T23:57:30.537Z,2026-05-03 19:57:30.537
19.000,0.42022838,1.55877390,1.32396142,1.43765730,2026-05-03T23:57:30.577Z,2026-05-03 19:57:30.577
19.040,1.68022756,1.13187939,0.88208059,1.22238418,2026-05-03T23:57:30.617Z,2026-05-03 19:57:30.617
19.080,-0.00624062,0.97694394,0.83899209,1.27860730,2026-05-03T23:57:30.657Z,2026-05-03 19:57:30.657
19.120,1.34059016,1.03278842,0.75472452,1.04110134,2026-05-03T23:57:30.697Z,2026-05-03 19:57:30.697
19.160,0.09434791,0.48661885,0.82575372,1.12800901,2026-05-03T23:57:30.737Z,2026-05-03 19:57:30.737
19.200,0.74203319,1.08020245,0.89314176,1.05686589,2026-05-03T23:57:30.777Z,2026-05-03 19:57:30.777
19.240,0.39549883,0.19635241,0.78507606,1.42025839,2026-05-03T23:57:30.817Z,2026-05-03 19:57:30.817
19.280,0.37905810,1.16896884,1.06863748,1.28338410,2026-05-03T23:57:30.857Z,2026-05-03 19:57:30.857
19.320,0.97885509,0.33269108,0.91802262,1.29242027,2026-05-03T23:57:30.897Z,2026-05-03 19:57:30.897
19.360,0.99258866,1.42425349,1.14379311,1.21504716,2026-05-03T23:57:30.937Z,2026-05-03 19:57:30.937
19.400,1.30833710,1.22604809,1.01404047,1.14842675,2026-05-03T23:57:30.977Z,2026-05-03 19:57:30.977
19.440,0.00556428,3.65686876,1.14321337,1.16012971,2026-05-03T23:57:31.017Z,2026-05-03 19:57:31.017
19.480,2.65506738,-0.37883003,1.07060127,1.07001955,2026-05-03T23:57:31.057Z,2026-05-03 19:57:31.057
19.520,0.09301844,1.22825206,1.06220068,1.13103068,2026-05-03T23:57:31.097Z,2026-05-03 19:57:31.097
19.560,2.19493117,-0.20485703,1.05712579,1.01867247,2026-05-03T23:57:31.137Z,2026-05-03 19:57:31.137
19.600,-0.42271267,0.14174397,0.98252734,1.04605308,2026-05-03T23:57:31.177Z,2026-05-03 19:57:31.177
19.640,1.54550878,0.64340395,0.92951716,0.91544410,2026-05-03T23:57:31.217Z,2026-05-03 19:57:31.217
19.680,-0.49709106,-0.18737704,0.80070213,0.82967661,2026-05-03T23:57:31.257Z,2026-05-03 19:57:31.257
19.720,0.27300661,0.98723357,0.81020179,0.25869552,2026-05-03T23:57:31.297Z,2026-05-03 19:57:31.297
19.760,0.30561846,-0.48112695,0.45926500,0.29735954,2026-05-03T23:57:31.337Z,2026-05-03 19:57:31.337
19.800,0.00656828,0.69325252,0.46009136,0.16245755,2026-05-03T23:57:31.377Z,2026-05-03 19:57:31.377
19.840,0.38646442,-0.16483508,0.15428808,0.19830663,2026-05-03T23:57:31.417Z,2026-05-03 19:57:31.417
19.880,-0.23078310,0.28394453,0.19012336,0.18644662,2026-05-03T23:57:31.457Z,2026-05-03 19:57:31.457
19.920,0.15413865,0.05251312,-0.02663525,0.15226273,2026-05-03T23:57:31.497Z,2026-05-03 19:57:31.497
19.960,0.02374588,0.16560455,0.02772661,0.16740376,2026-05-03T23:57:31.537Z,2026-05-03 19:57:31.537
20.000,0.10392781,0.06280368,-0.01111531,0.08682246,2026-05-03T23:57:31.577Z,2026-05-03 19:57:31.577
20.040,0.07064073,0.23307267,-0.07597570,0.11922042,2026-05-03T23:57:31.617Z,2026-05-03 19:57:31.617
20.080,0.08371240,0.00169525,0.21308045,0.50903505,2026-05-03T23:57:31.657Z,2026-05-03 19:57:31.657
20.120,-0.02623160,0.33355181,0.25274112,0.54787681,2026-05-03T23:57:31.697Z,2026-05-03 19:57:31.697
20.160,0.18728637,0.01004570,0.30351891,0.77988709,2026-05-03T23:57:31.737Z,2026-05-03 19:57:31.737
20.200,-0.13597118,0.33376730,0.48511338,0.82393212,2026-05-03T23:57:31.777Z,2026-05-03 19:57:31.777
20.240,-0.42578965,-0.01449100,0.44471219,0.95614758,2026-05-03T23:57:31.817Z,2026-05-03 19:57:31.817
20.280,1.90308811,2.92765608,0.72156983,1.01400648,2026-05-03T23:57:31.857Z,2026-05-03 19:57:31.857
20.320,0.73426794,0.36643043,0.71040669,1.10662900,2026-05-03T23:57:31.897Z,2026-05-03 19:57:31.897
20.360,0.38905776,2.19159530,0.88559526,1.18498789,2026-05-03T23:57:31.937Z,2026-05-03 19:57:31.937
20.400,1.62311414,0.63487503,0.86987374,1.21950141,2026-05-03T23:57:31.977Z,2026-05-03 19:57:31.977
20.440,-0.81555069,1.55826520,0.97411202,1.27643490,2026-05-03T23:57:32.017Z,2026-05-03 19:57:32.017
20.480,2.26155997,0.83708082,0.98125367,1.28657005,2026-05-03T23:57:32.057Z,2026-05-03 19:57:32.057
20.520,-0.11095160,1.31600738,1.04187268,1.34273490,2026-05-03T23:57:32.097Z,2026-05-03 19:57:32.097
20.560,1.76210088,1.06547773,0.85867984,1.04227667,2026-05-03T23:57:32.137Z,2026-05-03 19:57:32.137
20.600,-0.34135864,0.80302286,1.11962217,1.07978516,2026-05-03T23:57:32.177Z,2026-05-03 19:57:32.177
20.640,1.32457976,0.85557326,1.07380759,0.88572929,2026-05-03T23:57:32.217Z,2026-05-03 19:57:32.217
20.680,-0.00137579,0.48788788,0.99110916,0.94478976,2026-05-03T23:57:32.257Z,2026-05-03 19:57:32.257
20.720,0.59873627,0.84667934,1.04262158,0.84142861,2026-05-03T23:57:32.297Z,2026-05-03 19:57:32.297
20.760,0.10168225,0.25628109,0.97957833,0.86293732,2026-05-03T23:57:32.337Z,2026-05-03 19:57:32.337
20.800,2.71111771,0.84262151,0.98517937,0.77558146,2026-05-03T23:57:32.377Z,2026-05-03 19:57:32.377
20.840,-0.50716702,0.42442557,0.84424562,0.72575471,2026-05-03T23:57:32.417Z,2026-05-03 19:57:32.417
20.880,0.86443544,1.24237186,0.89655537,0.69474929,2026-05-03T23:57:32.457Z,2026-05-03 19:57:32.457
20.920,0.33520668,0.55528810,0.79456142,0.63570950,2026-05-03T23:57:32.497Z,2026-05-03 19:57:32.497
20.960,1.82669875,1.05233618,0.83341790,0.64490593,2026-05-03T23:57:32.537Z,2026-05-03 19:57:32.537
21.000,-0.00608916,0.42476204,0.81792945,0.58325303,2026-05-03T23:57:32.577Z,2026-05-03 19:57:32.577
21.040,0.45745330,0.55797421,0.83023277,0.61100541,2026-05-03T23:57:32.617Z,2026-05-03 19:57:32.617
21.080,0.49943380,0.46516761,0.49630887,0.55527542,2026-05-03T23:57:32.657Z,2026-05-03 19:57:32.657
21.120,0.26630219,0.18707812,0.52594442,0.56250442,2026-05-03T23:57:32.697Z,2026-05-03 19:57:32.697
21.160,0.53415704,0.58995760,0.43733604,0.43545967,2026-05-03T23:57:32.737Z,2026-05-03 19:57:32.737
21.200,0.41327369,0.15687118,0.76094123,0.55241411,2026-05-03T23:57:32.777Z,2026-05-03 19:57:32.777
21.240,0.28075850,0.57888919,0.68627989,0.57670289,2026-05-03T23:57:32.817Z,2026-05-03 19:57:32.817
21.280,0.34781821,0.24024324,0.75785449,0.70262456,2026-05-03T23:57:32.857Z,2026-05-03 19:57:32.857
21.320,0.02660793,0.50492952,0.79139926,0.66167777,2026-05-03T23:57:32.897Z,2026-05-03 19:57:32.897
21.360,-0.12005952,-0.03926718,0.75537873,0.75976468,2026-05-03T23:57:32.937Z,2026-05-03 19:57:32.937
21.400,2.60759688,1.52023974,0.92631840,0.81489175,2026-05-03T23:57:32.977Z,2026-05-03 19:57:32.977
21.440,1.28968008,1.25004105,0.90512308,0.88306568,2026-05-03T23:57:33.017Z,2026-05-03 19:57:33.017
21.480,0.85409489,1.55611704,0.96960680,0.93653496,2026-05-03T23:57:33.057Z,2026-05-03 19:57:33.057
21.520,0.82293633,0.02720252,0.95315441,0.96817335,2026-05-03T23:57:33.097Z,2026-05-03 19:57:33.097
21.560,0.00714912,1.39698171,0.97515416,1.00145543,2026-05-03T23:57:33.137Z,2026-05-03 19:57:33.137
21.600,1.83972507,0.84574914,1.03150181,1.05131392,2026-05-03T23:57:33.177Z,2026-05-03 19:57:33.177
21.640,0.25305555,1.27496457,1.08740400,1.10489039,2026-05-03T23:57:33.217Z,2026-05-03 19:57:33.217
21.680,1.11777949,0.83501749,0.82159842,0.99779027,2026-05-03T23:57:33.257Z,2026-05-03 19:57:33.257
21.720,0.02041540,0.93688411,0.71414290,0.93338422,2026-05-03T23:57:33.297Z,2026-05-03 19:57:33.297
21.760,0.62912243,0.68279009,0.82299009,0.90647384,2026-05-03T23:57:33.337Z,2026-05-03 19:57:33.337
21.800,0.79262010,1.07633589,1.04828709,1.17686277,2026-05-03T23:57:33.377Z,2026-05-03 19:57:33.377
21.840,0.71270598,0.74453765,1.20284855,1.25569173,2026-05-03T23:57:33.417Z,2026-05-03 19:57:33.417
21.880,0.50295073,0.36151449,1.05596687,1.29283028,2026-05-03T23:57:33.457Z,2026-05-03 19:57:33.457
21.920,0.17658395,0.56551582,1.00766239,1.20759776,2026-05-03T23:57:33.497Z,2026-05-03 19:57:33.497
21.960,1.73452637,1.32824697,0.92800108,1.11463230,2026-05-03T23:57:33.537Z,2026-05-03 19:57:33.537
22.000,2.52273851,2.55860471,1.01640678,1.09313553,2026-05-03T23:57:33.577Z,2026-05-03 19:57:33.577
22.040,1.73266252,2.07143965,1.02518743,1.11875357,2026-05-03T23:57:33.617Z,2026-05-03 19:57:33.617
22.080,0.35618831,1.26054923,0.95356364,1.08321723,2026-05-03T23:57:33.657Z,2026-05-03 19:57:33.657
22.120,-0.98268172,0.18685595,0.91126044,1.04225814,2026-05-03T23:57:33.697Z,2026-05-03 19:57:33.697
22.160,0.18431378,-1.14862198,0.94349679,1.04831237,2026-05-03T23:57:33.737Z,2026-05-03 19:57:33.737
22.200,1.10754581,0.68580391,0.95577632,1.07508232,2026-05-03T23:57:33.777Z,2026-05-03 19:57:33.777
22.240,0.73253382,0.97954792,0.74692864,0.95580711,2026-05-03T23:57:33.817Z,2026-05-03 19:57:33.817
22.280,-0.26999749,0.67337502,0.38055215,0.61335043,2026-05-03T23:57:33.857Z,2026-05-03 19:57:33.857
22.320,0.16253950,0.18482359,0.32358647,0.33386752,2026-05-03T23:57:33.897Z,2026-05-03 19:57:33.897
22.360,0.86814547,0.44650779,0.29585637,0.19170258,2026-05-03T23:57:33.937Z,2026-05-03 19:57:33.937
22.400,0.35541065,0.88591818,0.48449717,0.26736172,2026-05-03T23:57:33.977Z,2026-05-03 19:57:33.977
22.440,-1.05368729,-0.18616675,0.48563304,0.47533648,2026-05-03T23:57:34.017Z,2026-05-03 19:57:34.017
22.480,-0.56282729,-1.28285416,0.44354736,0.52668536,2026-05-03T23:57:34.057Z,2026-05-03 19:57:34.057
22.520,1.38897719,-0.44802134,0.33539819,0.42703490,2026-05-03T23:57:34.097Z,2026-05-03 19:57:34.097
22.560,0.03997796,0.00220820,0.33957653,0.32768995,2026-05-03T23:57:34.137Z,2026-05-03 19:57:34.137
22.600,1.31192532,0.87881026,0.32240083,0.29487100,2026-05-03T23:57:34.177Z,2026-05-03 19:57:34.177
22.640,0.19852513,1.42599862,0.24430786,0.25126308,2026-05-03T23:57:34.217Z,2026-05-03 19:57:34.217
22.680,0.76249604,1.13451402,0.23557295,0.18369952,2026-05-03T23:57:34.257Z,2026-05-03 19:57:34.257
22.720,-0.78580113,-0.10535261,0.29624950,0.23820539,2026-05-03T23:57:34.297Z,2026-05-03 19:57:34.297
22.760,-0.20126464,-0.69406121,0.30677827,0.30584960,2026-05-03T23:57:34.337Z,2026-05-03 19:57:34.337
22.800,-0.05739895,-0.26133498,0.08249893,0.29719921,2026-05-03T23:57:34.377Z,2026-05-03 19:57:34.377
22.840,0.14248548,-0.04746122,0.02414388,0.24382748,2026-05-03T23:57:34.417Z,2026-05-03 19:57:34.417
22.880,0.26633177,0.28896311,-0.18854876,0.09728390,2026-05-03T23:57:34.457Z,2026-05-03 19:57:34.457
22.920,0.15762953,0.44012398,-0.25181097,-0.13462805,2026-05-03T23:57:34.497Z,2026-05-03 19:57:34.497
22.960,-0.34681116,0.17725908,-0.36479665,-0.32429823,2026-05-03T23:57:34.537Z,2026-05-03 19:57:34.537
23.000,-1.15353678,-0.63505499,-0.34511119,-0.31455299,2026-05-03T23:57:34.577Z,2026-05-03 19:57:34.577
23.040,-1.13497125,-1.29730698,-0.36767259,-0.27015904,2026-05-03T23:57:34.617Z,2026-05-03 19:57:34.617
23.080,-0.26166455,-1.00841721,-0.43284835,-0.30143492,2026-05-03T23:57:34.657Z,2026-05-03 19:57:34.657
23.120,-0.47840933,-0.47132571,-0.52727289,-0.37236243,2026-05-03T23:57:34.697Z,2026-05-03 19:57:34.697
23.160,-0.01364884,-0.24022662,-0.62140777,-0.48748391,2026-05-03T23:57:34.737Z,2026-05-03 19:57:34.737
23.200,-0.45421302,-0.01381015,-0.69473768,-0.62293332,2026-05-03T23:57:34.777Z,2026-05-03 19:57:34.777
23.240,-0.46366569,-0.11776802,-0.71655408,-0.70131882,2026-05-03T23:57:34.817Z,2026-05-03 19:57:34.817
23.280,-0.95789235,-0.70410184,-0.67901014,-0.67836253,2026-05-03T23:57:34.857Z,2026-05-03 19:57:34.857
23.320,-0.89403396,-1.17604599,-0.67293720,-0.65218069,2026-05-03T23:57:34.897Z,2026-05-03 19:57:34.897
23.360,-0.45042689,-0.97197479,-0.73361424,-0.65188439,2026-05-03T23:57:34.937Z,2026-05-03 19:57:34.937
23.400,-0.35848246,-0.64241822,-0.74999338,-0.69071807,2026-05-03T23:57:34.977Z,2026-05-03 19:57:34.977
23.440,-0.55542272,-0.39114767,-0.82667567,-0.74016361,2026-05-03T23:57:35.017Z,2026-05-03 19:57:35.017
23.480,-0.48868117,-0.39683870,-0.82338239,-0.81172270,2026-05-03T23:57:35.057Z,2026-05-03 19:57:35.057
23.520,-0.92597505,-0.68253345,-0.84972054,-0.86782707,2026-05-03T23:57:35.097Z,2026-05-03 19:57:35.097
23.560,-1.02145521,-1.00109048,-0.85025509,-0.86482906,2026-05-03T23:57:35.137Z,2026-05-03 19:57:35.137
23.600,-0.65334342,-1.03821081,-0.85840857,-0.86241223,2026-05-03T23:57:35.177Z,2026-05-03 19:57:35.177
23.640,-0.56938563,-0.71992409,-0.90408837,-0.87270523,2026-05-03T23:57:35.217Z,2026-05-03 19:57:35.217
23.680,-0.42730494,-0.54550032,-0.95511366,-0.89721445,2026-05-03T23:57:35.257Z,2026-05-03 19:57:35.257
23.720,-0.72407321,-0.51850324,-0.98452564,-0.95007787,2026-05-03T23:57:35.297Z,2026-05-03 19:57:35.297
23.760,-0.96947930,-0.67233864,-1.03714911,-1.01386961,2026-05-03T23:57:35.337Z,2026-05-03 19:57:35.337
23.800,-1.08697250,-1.10270348,-1.04828213,-1.05029140,2026-05-03T23:57:35.377Z,2026-05-03 19:57:35.377
23.840,-0.96009517,-1.25063165,-1.05351877,-1.06262729,2026-05-03T23:57:35.417Z,2026-05-03 19:57:35.417
23.880,-0.78749195,-0.94019377,-1.09185341,-1.07122360,2026-05-03T23:57:35.457Z,2026-05-03 19:57:35.457
23.920,-0.83850524,-0.87137241,-1.14435569,-1.10865624,2026-05-03T23:57:35.497Z,2026-05-03 19:57:35.497
23.960,-1.00991649,-0.97038386,-1.22641190,-1.17374533,2026-05-03T23:57:35.537Z,2026-05-03 19:57:35.537
24.000,-1.18078861,-1.12538803,-1.25171251,-1.24489587,2026-05-03T23:57:35.577Z,2026-05-03 19:57:35.577
24.040,-1.16869484,-1.29568809,-1.25496507,-1.29042981,2026-05-03T23:57:35.617Z,2026-05-03 19:57:35.617
24.080,-1.11047494,-1.22733223,-1.24956056,-1.28604240,2026-05-03T23:57:35.657Z,2026-05-03 19:57:35.657
24.120,-1.04976929,-1.17378793,-1.25670571,-1.27507100,2026-05-03T23:57:35.697Z,2026-05-03 19:57:35.697
24.160,-0.92554921,-1.10906959,-1.29052567,-1.29381010,2026-05-03T23:57:35.737Z,2026-05-03 19:57:35.737
24.200,-0.89686317,-0.99230981,-1.32211239,-1.32781113,2026-05-03T23:57:35.777Z,2026-05-03 19:57:35.777
24.240,-1.00437755,-0.96621134,-1.33325486,-1.35237003,2026-05-03T23:57:35.817Z,2026-05-03 19:57:35.817
24.280,-1.01185084,-1.05310242,-1.33086387,-1.36163579,2026-05-03T23:57:35.857Z,2026-05-03 19:57:35.857
24.320,-1.04073222,-1.07509389,-1.32249020,-1.35908547,2026-05-03T23:57:35.897Z,2026-05-03 19:57:35.897
24.360,-1.06900695,-1.12705880,-1.30965509,-1.35237845,2026-05-03T23:57:35.937Z,2026-05-03 19:57:35.937
24.400,-1.11368521,-1.17929025,-1.29283671,-1.33907441,2026-05-03T23:57:35.977Z,2026-05-03 19:57:35.977
24.440,-1.15076003,-1.22658462,-1.27979478,-1.32045826,2026-05-03T23:57:36.017Z,2026-05-03 19:57:36.017
24.480,-1.13040267,-1.26368183,-1.25950766,-1.30509175,2026-05-03T23:57:36.057Z,2026-05-03 19:57:36.057
24.520,-1.04464715,-1.23525645,-1.22154246,-1.28071213,2026-05-03T23:57:36.097Z,2026-05-03 19:57:36.097
24.560,-0.97113553,-1.13376515,-1.18475356,-1.24237114,2026-05-03T23:57:36.137Z,2026-05-03 19:57:36.137
24.600,-0.90101431,-1.03463978,-1.13659309,-1.19971611,2026-05-03T23:57:36.177Z,2026-05-03 19:57:36.177
24.640,-0.83442048,-0.94815836,-1.09286217,-1.14688135,2026-05-03T23:57:36.217Z,2026-05-03 19:57:36.217
24.680,-0.76441631,-0.88139661,-1.05867359,-1.09580646,2026-05-03T23:57:36.257Z,2026-05-03 19:57:36.257
24.720,-0.71479603,-0.80015700,-1.02738927,-1.05731034,2026-05-03T23:57:36.297Z,2026-05-03 19:57:36.297
24.760,-0.70305875,-0.75673553,-0.99618780,-1.02038766,2026-05-03T23:57:36.337Z,2026-05-03 19:57:36.337
24.800,-0.62026488,-0.71807908,-0.97141755,-0.98443203,2026-05-03T23:57:36.377Z,2026-05-03 19:57:36.377
24.840,-0.62817210,-0.64644413,-0.94009107,-0.95546324,2026-05-03T23:57:36.417Z,2026-05-03 19:57:36.417
24.880,-0.68754274,-0.64011333,-0.92824032,-0.92338372,2026-05-03T23:57:36.457Z,2026-05-03 19:57:36.457
24.920,-0.70347204,-0.71877420,-0.91188127,-0.90859247,2026-05-03T23:57:36.497Z,2026-05-03 19:57:36.497
24.960,-0.68477130,-0.71982971,-0.89967216,-0.89163767,2026-05-03T23:57:36.537Z,2026-05-03 19:57:36.537
25.000,-0.70503197,-0.70437040,-0.88705419,-0.87739297,2026-05-03T23:57:36.577Z,2026-05-03 19:57:36.577
25.040,-0.60411696,-0.72496950,-0.84828181,-0.86380952,2026-05-03T23:57:36.617Z,2026-05-03 19:57:36.617
25.080,-0.74580132,-0.64125615,-0.76182305,-0.82300537,2026-05-03T23:57:36.657Z,2026-05-03 19:57:36.657
25.120,-0.64969000,-0.75590503,-0.64094460,-0.73051784,2026-05-03T23:57:36.697Z,2026-05-03 19:57:36.697
25.160,-0.63427170,-0.68256790,-0.51040296,-0.59499901,2026-05-03T23:57:36.737Z,2026-05-03 19:57:36.737
25.200,-0.58852676,-0.64501938,-0.41052248,-0.44671797,2026-05-03T23:57:36.777Z,2026-05-03 19:57:36.777
25.240,-0.36551420,-0.61416615,-0.30733873,-0.33302543,2026-05-03T23:57:36.817Z,2026-05-03 19:57:36.817
25.280,0.00397190,-0.35337163,-0.21065734,-0.21277888,2026-05-03T23:57:36.857Z,2026-05-03 19:57:36.857
25.320,0.25006046,0.05141065,-0.12709887,-0.10697646,2026-05-03T23:57:36.897Z,2026-05-03 19:57:36.897
25.360,0.36665355,0.36579393,-0.03060590,-0.00725114,2026-05-03T23:57:36.937Z,2026-05-03 19:57:36.937
25.400,0.25131571,0.50748081,0.05008492,0.09720716,2026-05-03T23:57:36.977Z,2026-05-03 19:57:36.977
25.440,0.33809144,0.38280114,0.13838123,0.19221019,2026-05-03T23:57:37.017Z,2026-05-03 19:57:37.017
25.480,0.33987556,0.50221913,0.26470896,0.28969165,2026-05-03T23:57:37.057Z,2026-05-03 19:57:37.057
25.520,0.32366120,0.45459800,0.85117766,0.42436780,2026-05-03T23:57:37.097Z,2026-05-03 19:57:37.097
25.560,0.41791407,0.49181315,1.12161165,1.21508995,2026-05-03T23:57:37.137Z,2026-05-03 19:57:37.137
25.600,0.36194962,0.53963849,1.31773378,1.28477958,2026-05-03T23:57:37.177Z,2026-05-03 19:57:37.177
25.640,0.47015093,0.53288674,1.27955262,1.58925698,2026-05-03T23:57:37.217Z,2026-05-03 19:57:37.217
25.680,0.84053669,0.61239004,1.31278656,1.53480010,2026-05-03T23:57:37.257Z,2026-05-03 19:57:37.257
25.720,3.52283893,0.98961043,1.29840157,1.60597935,2026-05-03T23:57:37.297Z,2026-05-03 19:57:37.297
25.760,2.45525009,4.73438680,1.36868274,1.61545177,2026-05-03T23:57:37.337Z,2026-05-03 19:57:37.337
25.800,2.19434766,1.02918862,1.38223341,1.62209342,2026-05-03T23:57:37.377Z,2026-05-03 19:57:37.377
25.840,-0.41316029,3.14977839,1.35278165,1.62868115,2026-05-03T23:57:37.417Z,2026-05-03 19:57:37.417
25.880,0.73075531,-0.81791278,1.32769542,1.60390237,2026-05-03T23:57:37.457Z,2026-05-03 19:57:37.457
25.920,0.09095230,1.33408126,1.31166814,1.58494376,2026-05-03T23:57:37.497Z,2026-05-03 19:57:37.497
25.960,1.22140661,0.64891012,1.26236211,1.55283100,2026-05-03T23:57:37.537Z,2026-05-03 19:57:37.537
26.000,0.53201523,0.56138981,0.83053789,1.50244716,2026-05-03T23:57:37.577Z,2026-05-03 19:57:37.577
26.040,-0.12355150,0.59597391,0.51724759,0.86370499,2026-05-03T23:57:37.617Z,2026-05-03 19:57:37.617
26.080,-0.10037977,0.09714366,0.24709926,0.78622837,2026-05-03T23:57:37.657Z,2026-05-03 19:57:37.657
26.120,0.21555870,0.20642611,0.24642148,0.36369890,2026-05-03T23:57:37.697Z,2026-05-03 19:57:37.697
26.160,0.12893845,0.05172969,0.19852070,0.39159843,2026-05-03T23:57:37.737Z,2026-05-03 19:57:37.737
26.200,0.45026942,0.24506223,0.19637145,0.26608568,2026-05-03T23:57:37.777Z,2026-05-03 19:57:37.777
26.240,-0.08643555,0.55223881,0.07146348,0.21186634,2026-05-03T23:57:37.817Z,2026-05-03 19:57:37.817
26.280,0.35137430,0.11632584,0.04103085,0.19769327,2026-05-03T23:57:37.857Z,2026-05-03 19:57:37.857
26.320,-0.42610123,0.35866584,0.06302201,0.16392453,2026-05-03T23:57:37.897Z,2026-05-03 19:57:37.897
26.360,0.30287814,-0.21086624,0.07963209,0.18335163,2026-05-03T23:57:37.937Z,2026-05-03 19:57:37.937
26.400,0.06583435,0.27623966,0.04692126,0.17584784,2026-05-03T23:57:37.977Z,2026-05-03 19:57:37.977
26.440,0.28432080,0.10666810,0.05770362,0.17558514,2026-05-03T23:57:38.017Z,2026-05-03 19:57:38.017
26.480,0.26771321,0.43097002,0.01620556,0.17951344,2026-05-03T23:57:38.057Z,2026-05-03 19:57:38.057
26.520,0.12688971,0.27937164,0.05117485,0.13642463,2026-05-03T23:57:38.097Z,2026-05-03 19:57:38.097
26.560,0.09189842,0.30563796,0.02715208,0.16327015,2026-05-03T23:57:38.137Z,2026-05-03 19:57:38.137
26.600,-0.15059456,0.12373725,0.07213095,0.14632308,2026-05-03T23:57:38.177Z,2026-05-03 19:57:38.177
26.640,0.23638532,0.04860917,0.48767591,0.19054419,2026-05-03T23:57:38.217Z,2026-05-03 19:57:38.217
26.680,0.06016767,0.28567111,0.56125029,0.27952986,2026-05-03T23:57:38.257Z,2026-05-03 19:57:38.257
26.720,0.27985497,0.13104878,0.86158464,0.26407143,2026-05-03T23:57:38.297Z,2026-05-03 19:57:38.297
26.760,0.12248699,0.39156537,0.82399749,0.47912039,2026-05-03T23:57:38.337Z,2026-05-03 19:57:38.337
26.800,0.14909718,0.18639338,0.98313063,0.43658221,2026-05-03T23:57:38.377Z,2026-05-03 19:57:38.377
26.840,2.74766377,0.31214807,0.95094448,0.62939000,2026-05-03T23:57:38.417Z,2026-05-03 19:57:38.417
26.880,0.85701586,1.04196758,1.04205164,0.67770620,2026-05-03T23:57:38.457Z,2026-05-03 19:57:38.457
26.920,2.54733250,-0.09255823,1.07782447,0.83464762,2026-05-03T23:57:38.497Z,2026-05-03 19:57:38.497
26.960,-0.40288377,1.99231430,1.12148835,0.85557001,2026-05-03T23:57:38.537Z,2026-05-03 19:57:38.537
27.000,1.71882417,-0.33775715,1.18939946,0.94225863,2026-05-03T23:57:38.577Z,2026-05-03 19:57:38.577
27.040,-0.63609449,1.88701181,1.16810442,0.97891920,2026-05-03T23:57:38.617Z,2026-05-03 19:57:38.617
27.080,1.05428648,0.70108906,1.25570805,1.01853428,2026-05-03T23:57:38.657Z,2026-05-03 19:57:38.657
27.120,0.71449484,1.63065030,0.93645744,1.03685637,2026-05-03T23:57:38.697Z,2026-05-03 19:57:38.697
27.160,0.68895156,0.55518162,0.97414224,0.97973277,2026-05-03T23:57:38.737Z,2026-05-03 19:57:38.737
27.200,1.11396928,1.14809645,0.67854193,1.06270544,2026-05-03T23:57:38.777Z,2026-05-03 19:57:38.777
27.240,-0.32175882,0.83755759,0.79727815,0.88223807,2026-05-03T23:57:38.817Z,2026-05-03 19:57:38.817
27.280,1.24665402,0.71853278,0.81306751,1.02103819,2026-05-03T23:57:38.857Z,2026-05-03 19:57:38.857
27.320,-0.24040439,0.56298209,0.83701146,0.83494646,2026-05-03T23:57:38.897Z,2026-05-03 19:57:38.897
27.360,1.22230860,0.36445437,1.22005582,1.19380807,2026-05-03T23:57:38.937Z,2026-05-03 19:57:38.937
27.400,0.14771541,1.02350856,1.19348893,1.03412922,2026-05-03T23:57:38.977Z,2026-05-03 19:57:38.977
27.440,1.10073807,0.22389947,1.39599165,1.02073449,2026-05-03T23:57:39.017Z,2026-05-03 19:57:39.017
27.480,1.82806036,1.41263329,1.30883937,0.97654660,2026-05-03T23:57:39.057Z,2026-05-03 19:57:39.057
27.520,-0.07697051,-0.05590506,1.47573575,0.90746481,2026-05-03T23:57:39.097Z,2026-05-03 19:57:39.097
27.560,3.52899008,3.32249604,1.36173929,0.92558407,2026-05-03T23:57:39.137Z,2026-05-03 19:57:39.137
27.600,0.35180057,-0.45186160,1.40946039,0.89027086,2026-05-03T23:57:39.177Z,2026-05-03 19:57:39.177
27.640,2.48603216,0.37453096,1.33094685,0.91761822,2026-05-03T23:57:39.217Z,2026-05-03 19:57:39.217
27.680,-0.18897995,0.67313046,1.33669664,0.82695320,2026-05-03T23:57:39.257Z,2026-05-03 19:57:39.257
27.720,1.83762387,-0.11925389,1.27234856,0.83068012,2026-05-03T23:57:39.297Z,2026-05-03 19:57:39.297
27.760,-0.72927850,0.91531622,1.11041051,0.70839014,2026-05-03T23:57:39.337Z,2026-05-03 19:57:39.337
27.800,0.61723896,0.06785372,1.11859979,0.71609200,2026-05-03T23:57:39.377Z,2026-05-03 19:57:39.377
27.840,0.18657907,0.70362973,0.63575171,0.22680403,2026-05-03T23:57:39.417Z,2026-05-03 19:57:39.417
27.880,0.24857808,-0.14479117,0.61010376,0.26698844,2026-05-03T23:57:39.457Z,2026-05-03 19:57:39.457
27.920,0.26053187,0.27656660,0.27518392,0.25024266,2026-05-03T23:57:39.497Z,2026-05-03 19:57:39.497
27.960,0.02378743,0.13535306,0.28881300,0.20058194,2026-05-03T23:57:39.537Z,2026-05-03 19:57:39.537
28.000,0.07676561,0.06615819,0.04986659,0.22539369,2026-05-03T23:57:39.577Z,2026-05-03 19:57:39.577
28.040,0.17479889,0.29075693,0.08310568,0.15346271,2026-05-03T23:57:39.617Z,2026-05-03 19:57:39.617
28.080,0.00673261,0.12971340,0.43241675,0.16120228,2026-05-03T23:57:39.657Z,2026-05-03 19:57:39.657
28.120,0.19031635,0.19593625,0.42479897,0.10482175,2026-05-03T23:57:39.697Z,2026-05-03 19:57:39.697
28.160,0.00229902,0.19534714,0.67993031,0.18855910,2026-05-03T23:57:39.737Z,2026-05-03 19:57:39.737
28.200,0.23292878,0.18511356,0.62464528,0.27776569,2026-05-03T23:57:39.777Z,2026-05-03 19:57:39.777
28.240,-0.14479710,0.29482256,0.82001459,0.28355323,2026-05-03T23:57:39.817Z,2026-05-03 19:57:39.817
28.280,2.59190148,0.15513038,0.80468827,0.45499188,2026-05-03T23:57:39.857Z,2026-05-03 19:57:39.857
28.320,0.09035924,0.19154408,0.90700939,0.49156641,2026-05-03T23:57:39.897Z,2026-05-03 19:57:39.897
28.360,2.18274097,0.70002654,0.95630844,0.64940159,2026-05-03T23:57:39.937Z,2026-05-03 19:57:39.937
28.400,-0.87850478,1.04315230,0.98021066,0.73694140,2026-05-03T23:57:39.977Z,2026-05-03 19:57:39.977
28.440,1.83209888,0.20246756,1.03711499,0.84337914,2026-05-03T23:57:40.017Z,2026-05-03 19:57:40.017
28.480,-0.19090193,1.54138381,1.01747511,0.87056520,2026-05-03T23:57:40.057Z,2026-05-03 19:57:40.057
28.520,1.27795080,0.67819180,1.09268366,0.92460243,2026-05-03T23:57:40.097Z,2026-05-03 19:57:40.097
28.560,0.68436116,1.58639712,0.81437228,0.93538180,2026-05-03T23:57:40.137Z,2026-05-03 19:57:40.137
28.600,0.52149168,1.12966283,1.06727821,0.98512416,2026-05-03T23:57:40.177Z,2026-05-03 19:57:40.177
28.640,0.78494736,1.32399067,0.83033736,1.08701371,2026-05-03T23:57:40.217Z,2026-05-03 19:57:40.217
28.680,-0.10691776,0.54782204,0.96794030,1.01519933,2026-05-03T23:57:40.257Z,2026-05-03 19:57:40.257
28.720,0.91386741,0.93611249,0.80110957,1.16849681,2026-05-03T23:57:40.297Z,2026-05-03 19:57:40.297
28.760,0.30035830,0.31513226,0.92348922,1.07384693,2026-05-03T23:57:40.337Z,2026-05-03 19:57:40.337
28.800,2.35054942,0.82980464,0.81529074,1.11501945,2026-05-03T23:57:40.377Z,2026-05-03 19:57:40.377
28.840,-0.11287371,1.68840385,0.78812130,1.00181925,2026-05-03T23:57:40.417Z,2026-05-03 19:57:40.417
28.880,1.21769019,0.12540305,0.79038926,0.93207950,2026-05-03T23:57:40.457Z,2026-05-03 19:57:40.457
28.920,0.26638318,1.83217048,0.74959317,0.84225178,2026-05-03T23:57:40.497Z,2026-05-03 19:57:40.497
28.960,1.26930875,0.53273603,0.79503014,0.79843974,2026-05-03T23:57:40.537Z,2026-05-03 19:57:40.537
29.000,0.07473357,1.13727008,0.74624022,0.79077013,2026-05-03T23:57:40.577Z,2026-05-03 19:57:40.577
29.040,0.36567581,0.38059380,0.74005302,0.79343401,2026-05-03T23:57:40.617Z,2026-05-03 19:57:40.617
29.080,0.54781380,0.32455844,0.46305030,0.76858594,2026-05-03T23:57:40.657Z,2026-05-03 19:57:40.657
29.120,0.31988993,0.37323494,0.49646566,0.59806409,2026-05-03T23:57:40.697Z,2026-05-03 19:57:40.697
29.160,0.53110237,-0.07434387,0.67807095,0.61723784,2026-05-03T23:57:40.737Z,2026-05-03 19:57:40.737
29.200,0.38586062,0.85957454,0.69496155,0.52490397,2026-05-03T23:57:40.777Z,2026-05-03 19:57:40.777
29.240,0.21718050,0.35043680,0.76810055,0.57170738,2026-05-03T23:57:40.817Z,2026-05-03 19:57:40.817
29.280,0.28897217,0.55906045,0.81078289,0.60584879,2026-05-03T23:57:40.857Z,2026-05-03 19:57:40.857
29.320,0.32940245,0.03925925,0.84675341,0.57517460,2026-05-03T23:57:40.897Z,2026-05-03 19:57:40.897
29.360,2.35506198,0.37247367,0.90881764,0.70976713,2026-05-03T23:57:40.937Z,2026-05-03 19:57:40.937
29.400,0.47290758,1.16983476,0.87503889,0.75572187,2026-05-03T23:57:40.977Z,2026-05-03 19:57:40.977
29.440,1.80147579,0.98065776,0.90873953,0.87490692,2026-05-03T23:57:41.017Z,2026-05-03 19:57:41.017
29.480,0.62660098,1.40547729,0.88972831,0.84201898,2026-05-03T23:57:41.057Z,2026-05-03 19:57:41.057
29.520,0.78112663,-0.03025871,0.98155487,0.88314757,2026-05-03T23:57:41.097Z,2026-05-03 19:57:41.097
29.560,1.17939264,1.56029543,1.03602996,0.88085743,2026-05-03T23:57:41.137Z,2026-05-03 19:57:41.137
29.600,-0.24538156,0.88055178,1.03724702,0.99274746,2026-05-03T23:57:41.177Z,2026-05-03 19:57:41.177
29.640,0.90164869,1.29732120,0.83045776,0.97331286,2026-05-03T23:57:41.217Z,2026-05-03 19:57:41.217
29.680,0.11137141,0.48595968,0.79015842,0.90944420,2026-05-03T23:57:41.257Z,2026-05-03 19:57:41.257
29.720,1.23866092,0.83713378,0.77704287,0.86305761,2026-05-03T23:57:41.297Z,2026-05-03 19:57:41.297
29.760,0.94862881,0.53106116,0.94141759,0.82927240,2026-05-03T23:57:41.337Z,2026-05-03 19:57:41.337
29.800,0.34690742,1.33941676,0.84544245,0.78932891,2026-05-03T23:57:41.377Z,2026-05-03 19:57:41.377
29.840,0.72098153,0.07610498,0.70149757,0.59057031,2026-05-03T23:57:41.417Z,2026-05-03 19:57:41.417
29.880,-0.11533839,0.47053712,0.67555345,0.46429034,2026-05-03T23:57:41.457Z,2026-05-03 19:57:41.457
29.920,1.71104280,0.45991988,0.55435461,0.27337542,2026-05-03T23:57:41.497Z,2026-05-03 19:57:41.497
29.960,1.99767988,1.10805052,0.50349258,0.17339234,2026-05-03T23:57:41.537Z,2026-05-03 19:57:41.537
