relative_time_s,sample_ts_utc,sample_ts_et,batch_id,sample_in_batch,x_raw,y_raw,z_raw
0.000,2026-05-03T23:57:11.577Z,2026-05-03 19:57:11.577,102629,15,3835,-50,68
0.040,2026-05-03T23:57:11.617Z,2026-05-03 19:57:11.617,102629,16,3818,-51,67
0.080,2026-05-03T23:57:11.657Z,2026-05-03 19:57:11.657,102629,17,3815,-53,62
0.120,2026-05-03T23:57:11.697Z,2026-05-03 19:57:11.697,102629,18,3808,-49,83
0.160,2026-05-03T23:57:11.737Z,2026-05-03 19:57:11.737,102629,19,3805,-50,74
0.200,2026-05-03T23:57:11.777Z,2026-05-03 19:57:11.777,102629,20,3817,-49,76
0.240,2026-05-03T23:57:11.817Z,2026-05-03 19:57:11.817,102629,21,3817,-45,70
0.280,2026-05-03T23:57:11.857Z,2026-05-03 19:57:11.857,102629,22,3814,-39,80
0.320,2026-05-03T23:57:11.897Z,2026-05-03 19:57:11.897,102629,23,3821,-52,63
0.360,2026-05-03T23:57:11.937Z,2026-05-03 19:57:11.937,102629,24,3808,-51,86
0.400,2026-05-03T23:57:11.977Z,2026-05-03 19:57:11.977,102629,25,3806,-57,78
0.440,2026-05-03T23:57:12.017Z,2026-05-03 19:57:12.017,102629,26,3804,-66,55
0.480,2026-05-03T23:57:12.057Z,2026-05-03 19:57:12.057,102629,27,3813,-54,71
0.520,2026-05-03T23:57:12.097Z,2026-05-03 19:57:12.097,102629,28,3810,-47,87
0.560,2026-05-03T23:57:12.137Z,2026-05-03 19:57:12.137,102629,29,3806,-49,83
0.600,2026-05-03T23:57:12.177Z,2026-05-03 19:57:12.177,102629,30,3816,-41,83
0.640,2026-05-03T23:57:12.217Z,2026-05-03 19:57:12.217,102629,31,3822,-57,91
0.680,2026-05-03T23:57:12.257Z,2026-05-03 19:57:12.257,102629,32,3805,-52,83
0.720,2026-05-03T23:57:12.297Z,2026-05-03 19:57:12.297,102629,33,3807,-55,75
0.760,2026-05-03T23:57:12.337Z,2026-05-03 19:57:12.337,102629,34,3828,-35,72
0.800,2026-05-03T23:57:12.377Z,2026-05-03 19:57:12.377,102629,35,3799,-39,86
0.840,2026-05-03T23:57:12.417Z,2026-05-03 19:57:12.417,102629,36,3809,-63,76
0.880,2026-05-03T23:57:12.457Z,2026-05-03 19:57:12.457,102629,37,3812,-77,60
0.920,2026-05-03T23:57:12.497Z,2026-05-03 19:57:12.497,102629,38,3820,-59,61
0.960,2026-05-03T23:57:12.537Z,2026-05-03 19:57:12.537,102629,39,3816,-30,46
1.000,2026-05-03T23:57:12.577Z,2026-05-03 19:57:12.577,102629,40,3805,-33,53
1.040,2026-05-03T23:57:12.617Z,2026-05-03 19:57:12.617,102629,41,3813,-54,81
1.080,2026-05-03T23:57:12.657Z,2026-05-03 19:57:12.657,102629,42,3821,-79,99
1.120,2026-05-03T23:57:12.697Z,2026-05-03 19:57:12.697,102629,43,3810,-63,88
1.160,2026-05-03T23:57:12.737Z,2026-05-03 19:57:12.737,102629,44,3818,-54,88
1.200,2026-05-03T23:57:12.777Z,2026-05-03 19:57:12.777,102629,45,3811,-28,94
1.240,2026-05-03T23:57:12.817Z,2026-05-03 19:57:12.817,102629,46,3809,-43,71
1.280,2026-05-03T23:57:12.857Z,2026-05-03 19:57:12.857,102629,47,3811,-105,59
1.320,2026-05-03T23:57:12.897Z,2026-05-03 19:57:12.897,102629,48,3810,-242,24
1.360,2026-05-03T23:57:12.937Z,2026-05-03 19:57:12.937,102629,49,3796,-439,-11
1.400,2026-05-03T23:57:12.977Z,2026-05-03 19:57:12.977,102629,50,3791,-610,-68
1.440,2026-05-03T23:57:13.017Z,2026-05-03 19:57:13.017,102629,51,3797,-561,-156
1.480,2026-05-03T23:57:13.057Z,2026-05-03 19:57:13.057,102629,52,3818,-346,-268
1.520,2026-05-03T23:57:13.097Z,2026-05-03 19:57:13.097,102629,53,3804,-274,-300
1.560,2026-05-03T23:57:13.137Z,2026-05-03 19:57:13.137,102629,54,3804,-204,60
1.600,2026-05-03T23:57:13.177Z,2026-05-03 19:57:13.177,102629,55,3829,-15,342
1.640,2026-05-03T23:57:13.217Z,2026-05-03 19:57:13.217,102629,56,3828,-93,340
1.680,2026-05-03T23:57:13.257Z,2026-05-03 19:57:13.257,102629,57,3805,-102,339
1.720,2026-05-03T23:57:13.297Z,2026-05-03 19:57:13.297,102629,58,3825,108,470
1.760,2026-05-03T23:57:13.337Z,2026-05-03 19:57:13.337,102629,59,3830,50,434
1.800,2026-05-03T23:57:13.377Z,2026-05-03 19:57:13.377,102629,60,3809,24,270
1.840,2026-05-03T23:57:13.417Z,2026-05-03 19:57:13.417,102629,61,3814,132,161
1.880,2026-05-03T23:57:13.457Z,2026-05-03 19:57:13.457,102629,62,3788,195,7
1.920,2026-05-03T23:57:13.497Z,2026-05-03 19:57:13.497,102629,63,3785,201,-129
1.960,2026-05-03T23:57:13.537Z,2026-05-03 19:57:13.537,102629,64,3786,375,-180
2.000,2026-05-03T23:57:13.577Z,2026-05-03 19:57:13.577,102629,65,3798,534,-154
2.040,2026-05-03T23:57:13.617Z,2026-05-03 19:57:13.617,102629,66,3800,623,-52
2.080,2026-05-03T23:57:13.657Z,2026-05-03 19:57:13.657,102629,67,3799,726,91
2.120,2026-05-03T23:57:13.697Z,2026-05-03 19:57:13.697,102629,68,3826,811,224
2.160,2026-05-03T23:57:13.737Z,2026-05-03 19:57:13.737,102629,69,3831,770,354
2.200,2026-05-03T23:57:13.777Z,2026-05-03 19:57:13.777,102629,70,3820,725,391
2.240,2026-05-03T23:57:13.817Z,2026-05-03 19:57:13.817,102629,71,3822,630,404
2.280,2026-05-03T23:57:13.857Z,2026-05-03 19:57:13.857,102629,72,3825,699,353
2.320,2026-05-03T23:57:13.897Z,2026-05-03 19:57:13.897,102629,73,3810,1051,307
2.360,2026-05-03T23:57:13.937Z,2026-05-03 19:57:13.937,102629,74,3839,1505,107
2.400,2026-05-03T23:57:13.977Z,2026-05-03 19:57:13.977,102629,75,3760,1195,152
2.440,2026-05-03T23:57:14.017Z,2026-05-03 19:57:14.017,102629,76,3801,1481,-6
2.480,2026-05-03T23:57:14.057Z,2026-05-03 19:57:14.057,102629,77,3730,1292,172
2.520,2026-05-03T23:57:14.097Z,2026-05-03 19:57:14.097,102629,78,3732,1430,90
2.560,2026-05-03T23:57:14.137Z,2026-05-03 19:57:14.137,102629,79,3723,1397,204
2.600,2026-05-03T23:57:14.177Z,2026-05-03 19:57:14.177,102629,80,4285,896,126
2.640,2026-05-03T23:57:14.217Z,2026-05-03 19:57:14.217,102629,81,3695,-3093,3035
2.680,2026-05-03T23:57:14.257Z,2026-05-03 19:57:14.257,102629,82,3704,174,-531
2.720,2026-05-03T23:57:14.297Z,2026-05-03 19:57:14.297,102629,83,3625,-1948,-730
2.760,2026-05-03T23:57:14.337Z,2026-05-03 19:57:14.337,102629,84,3631,-884,332
2.800,2026-05-03T23:57:14.377Z,2026-05-03 19:57:14.377,102629,85,3501,-1030,-1225
2.840,2026-05-03T23:57:14.417Z,2026-05-03 19:57:14.417,102629,86,3710,-1353,-1692
2.880,2026-05-03T23:57:14.457Z,2026-05-03 19:57:14.457,102629,87,3557,-526,-1992
2.920,2026-05-03T23:57:14.497Z,2026-05-03 19:57:14.497,102629,88,3673,-1356,-923
2.960,2026-05-03T23:57:14.537Z,2026-05-03 19:57:14.537,102629,89,3692,-1075,-650
3.000,2026-05-03T23:57:14.577Z,2026-05-03 19:57:14.577,102629,90,3680,-925,106
3.040,2026-05-03T23:57:14.617Z,2026-05-03 19:57:14.617,102629,91,3771,-1451,581
3.080,2026-05-03T23:57:14.657Z,2026-05-03 19:57:14.657,102629,92,3775,-697,327
3.120,2026-05-03T23:57:14.697Z,2026-05-03 19:57:14.697,102629,93,3729,-1557,914
3.160,2026-05-03T23:57:14.737Z,2026-05-03 19:57:14.737,102629,94,3719,-779,609
3.200,2026-05-03T23:57:14.777Z,2026-05-03 19:57:14.777,102629,95,3738,-1483,891
3.240,2026-05-03T23:57:14.817Z,2026-05-03 19:57:14.817,102629,96,3691,-847,-19
3.280,2026-05-03T23:57:14.857Z,2026-05-03 19:57:14.857,102629,97,3713,-1374,188
3.320,2026-05-03T23:57:14.897Z,2026-05-03 19:57:14.897,102629,98,3625,-918,-478
3.360,2026-05-03T23:57:14.937Z,2026-05-03 19:57:14.937,102629,99,3633,-1286,-741
3.400,2026-05-03T23:57:14.977Z,2026-05-03 19:57:14.977,102629,100,3587,-860,-1060
3.440,2026-05-03T23:57:15.017Z,2026-05-03 19:57:15.017,102630,1,3941,-33,-968
3.480,2026-05-03T23:57:15.057Z,2026-05-03 19:57:15.057,102630,2,4108,2364,-1554
3.520,2026-05-03T23:57:15.097Z,2026-05-03 19:57:15.097,102630,3,3549,827,-850
3.560,2026-05-03T23:57:15.137Z,2026-05-03 19:57:15.137,102630,4,3830,1895,-240
3.600,2026-05-03T23:57:15.177Z,2026-05-03 19:57:15.177,102630,5,3882,1297,1065
3.640,2026-05-03T23:57:15.217Z,2026-05-03 19:57:15.217,102630,6,3825,1189,948
3.680,2026-05-03T23:57:15.257Z,2026-05-03 19:57:15.257,102630,7,3835,1502,703
3.720,2026-05-03T23:57:15.297Z,2026-05-03 19:57:15.297,102630,8,3768,990,1358
3.760,2026-05-03T23:57:15.337Z,2026-05-03 19:57:15.337,102630,9,3918,1640,1101
3.800,2026-05-03T23:57:15.377Z,2026-05-03 19:57:15.377,102630,10,3703,807,1441
3.840,2026-05-03T23:57:15.417Z,2026-05-03 19:57:15.417,102630,11,3867,1387,1040
3.880,2026-05-03T23:57:15.457Z,2026-05-03 19:57:15.457,102630,12,3984,1216,1087
3.920,2026-05-03T23:57:15.497Z,2026-05-03 19:57:15.497,102630,13,3961,-713,1627
3.960,2026-05-03T23:57:15.537Z,2026-05-03 19:57:15.537,102630,14,3798,-1716,2138
4.000,2026-05-03T23:57:15.577Z,2026-05-03 19:57:15.577,102630,15,3841,-1122,1101
4.040,2026-05-03T23:57:15.617Z,2026-05-03 19:57:15.617,102630,16,3638,-1362,-1390
4.080,2026-05-03T23:57:15.657Z,2026-05-03 19:57:15.657,102630,17,3580,-648,-2389
4.120,2026-05-03T23:57:15.697Z,2026-05-03 19:57:15.697,102630,18,3584,-1366,-2385
4.160,2026-05-03T23:57:15.737Z,2026-05-03 19:57:15.737,102630,19,3569,-860,-2350
4.200,2026-05-03T23:57:15.777Z,2026-05-03 19:57:15.777,102630,20,3643,-1134,-1776
4.240,2026-05-03T23:57:15.817Z,2026-05-03 19:57:15.817,102630,21,3670,-1029,-489
4.280,2026-05-03T23:57:15.857Z,2026-05-03 19:57:15.857,102630,22,3754,-1334,1264
4.320,2026-05-03T23:57:15.897Z,2026-05-03 19:57:15.897,102630,23,3812,-1140,1687
4.360,2026-05-03T23:57:15.937Z,2026-05-03 19:57:15.937,102630,24,3804,-954,1299
4.400,2026-05-03T23:57:15.977Z,2026-05-03 19:57:15.977,102630,25,3928,213,1776
4.440,2026-05-03T23:57:16.017Z,2026-05-03 19:57:16.017,102630,26,4041,1355,1364
4.480,2026-05-03T23:57:16.057Z,2026-05-03 19:57:16.057,102630,27,3819,1443,192
4.520,2026-05-03T23:57:16.097Z,2026-05-03 19:57:16.097,102630,28,3739,1282,114
4.560,2026-05-03T23:57:16.137Z,2026-05-03 19:57:16.137,102630,29,3896,1722,67
4.600,2026-05-03T23:57:16.177Z,2026-05-03 19:57:16.177,102630,30,3715,1124,255
4.640,2026-05-03T23:57:16.217Z,2026-05-03 19:57:16.217,102630,31,3886,1775,-729
4.680,2026-05-03T23:57:16.257Z,2026-05-03 19:57:16.257,102630,32,3691,1050,-33
4.720,2026-05-03T23:57:16.297Z,2026-05-03 19:57:16.297,102630,33,3916,1218,-319
4.760,2026-05-03T23:57:16.337Z,2026-05-03 19:57:16.337,102630,34,3693,-1711,172
4.800,2026-05-03T23:57:16.377Z,2026-05-03 19:57:16.377,102630,35,3900,-834,427
4.840,2026-05-03T23:57:16.417Z,2026-05-03 19:57:16.417,102630,36,3637,-1611,181
4.880,2026-05-03T23:57:16.457Z,2026-05-03 19:57:16.457,102630,37,3737,-949,92
4.920,2026-05-03T23:57:16.497Z,2026-05-03 19:57:16.497,102630,38,3665,-1345,-527
4.960,2026-05-03T23:57:16.537Z,2026-05-03 19:57:16.537,102630,39,3741,-886,-1183
5.000,2026-05-03T23:57:16.577Z,2026-05-03 19:57:16.577,102630,40,3641,-1312,-571
5.040,2026-05-03T23:57:16.617Z,2026-05-03 19:57:16.617,102630,41,3698,-802,-527
5.080,2026-05-03T23:57:16.657Z,2026-05-03 19:57:16.657,102630,42,3714,-1148,-242
5.120,2026-05-03T23:57:16.697Z,2026-05-03 19:57:16.697,102630,43,3837,308,-545
5.160,2026-05-03T23:57:16.737Z,2026-05-03 19:57:16.737,102630,44,3910,772,-416
5.200,2026-05-03T23:57:16.777Z,2026-05-03 19:57:16.777,102630,45,3831,1231,41
5.240,2026-05-03T23:57:16.817Z,2026-05-03 19:57:16.817,102630,46,3844,1355,789
5.280,2026-05-03T23:57:16.857Z,2026-05-03 19:57:16.857,102630,47,3900,1210,523
5.320,2026-05-03T23:57:16.897Z,2026-05-03 19:57:16.897,102630,48,3814,374,1172
5.360,2026-05-03T23:57:16.937Z,2026-05-03 19:57:16.937,102630,49,3892,-61,1289
5.400,2026-05-03T23:57:16.977Z,2026-05-03 19:57:16.977,102630,50,3807,-656,1294
5.440,2026-05-03T23:57:17.017Z,2026-05-03 19:57:17.017,102630,51,3814,-666,1030
5.480,2026-05-03T23:57:17.057Z,2026-05-03 19:57:17.057,102630,52,3854,-219,524
5.520,2026-05-03T23:57:17.097Z,2026-05-03 19:57:17.097,102630,53,3785,16,-249
5.560,2026-05-03T23:57:17.137Z,2026-05-03 19:57:17.137,102630,54,3771,322,-856
5.600,2026-05-03T23:57:17.177Z,2026-05-03 19:57:17.177,102630,55,3753,371,-1282
5.640,2026-05-03T23:57:17.217Z,2026-05-03 19:57:17.217,102630,56,3745,-61,-1314
5.680,2026-05-03T23:57:17.257Z,2026-05-03 19:57:17.257,102630,57,3747,-298,-958
5.720,2026-05-03T23:57:17.297Z,2026-05-03 19:57:17.297,102630,58,3745,-831,-305
5.760,2026-05-03T23:57:17.337Z,2026-05-03 19:57:17.337,102630,59,3775,-775,329
5.800,2026-05-03T23:57:17.377Z,2026-05-03 19:57:17.377,102630,60,3839,-509,654
5.840,2026-05-03T23:57:17.417Z,2026-05-03 19:57:17.417,102630,61,3862,-194,783
5.880,2026-05-03T23:57:17.457Z,2026-05-03 19:57:17.457,102630,62,3866,164,731
5.920,2026-05-03T23:57:17.497Z,2026-05-03 19:57:17.497,102630,63,3866,675,528
5.960,2026-05-03T23:57:17.537Z,2026-05-03 19:57:17.537,102630,64,3866,898,388
6.000,2026-05-03T23:57:17.577Z,2026-05-03 19:57:17.577,102630,65,3857,496,178
6.040,2026-05-03T23:57:17.617Z,2026-05-03 19:57:17.617,102630,66,3802,-74,81
6.080,2026-05-03T23:57:17.657Z,2026-05-03 19:57:17.657,102630,67,3789,-324,79
6.120,2026-05-03T23:57:17.697Z,2026-05-03 19:57:17.697,102630,68,3779,-482,-7
6.160,2026-05-03T23:57:17.737Z,2026-05-03 19:57:17.737,102630,69,3771,-467,-181
6.200,2026-05-03T23:57:17.777Z,2026-05-03 19:57:17.777,102630,70,3775,-266,-330
6.240,2026-05-03T23:57:17.817Z,2026-05-03 19:57:17.817,102630,71,3804,83,-386
6.280,2026-05-03T23:57:17.857Z,2026-05-03 19:57:17.857,102630,72,3796,218,-259
6.320,2026-05-03T23:57:17.897Z,2026-05-03 19:57:17.897,102630,73,3824,145,-47
6.360,2026-05-03T23:57:17.937Z,2026-05-03 19:57:17.937,102630,74,3809,-121,165
6.400,2026-05-03T23:57:17.977Z,2026-05-03 19:57:17.977,102630,75,3823,-298,354
6.440,2026-05-03T23:57:18.017Z,2026-05-03 19:57:18.017,102630,76,3828,-221,474
6.480,2026-05-03T23:57:18.057Z,2026-05-03 19:57:18.057,102630,77,3845,-45,451
6.520,2026-05-03T23:57:18.097Z,2026-05-03 19:57:18.097,102630,78,3834,136,319
6.560,2026-05-03T23:57:18.137Z,2026-05-03 19:57:18.137,102630,79,3826,263,96
6.600,2026-05-03T23:57:18.177Z,2026-05-03 19:57:18.177,102630,80,3810,66,-44
6.640,2026-05-03T23:57:18.217Z,2026-05-03 19:57:18.217,102630,81,3778,-153,-152
6.680,2026-05-03T23:57:18.257Z,2026-05-03 19:57:18.257,102630,82,3790,-269,-189
6.720,2026-05-03T23:57:18.297Z,2026-05-03 19:57:18.297,102630,83,3788,-212,-184
6.760,2026-05-03T23:57:18.337Z,2026-05-03 19:57:18.337,102630,84,3808,-16,-131
6.800,2026-05-03T23:57:18.377Z,2026-05-03 19:57:18.377,102630,85,3819,99,3
6.840,2026-05-03T23:57:18.417Z,2026-05-03 19:57:18.417,102630,86,3814,98,162
6.880,2026-05-03T23:57:18.457Z,2026-05-03 19:57:18.457,102630,87,3828,-49,299
6.920,2026-05-03T23:57:18.497Z,2026-05-03 19:57:18.497,102630,88,3818,-191,334
6.960,2026-05-03T23:57:18.537Z,2026-05-03 19:57:18.537,102630,89,3809,-164,318
7.000,2026-05-03T23:57:18.577Z,2026-05-03 19:57:18.577,102630,90,3823,-4,233
7.040,2026-05-03T23:57:18.617Z,2026-05-03 19:57:18.617,102630,91,3833,62,70
7.080,2026-05-03T23:57:18.657Z,2026-05-03 19:57:18.657,102630,92,3802,-214,-94
7.120,2026-05-03T23:57:18.697Z,2026-05-03 19:57:18.697,102630,93,3788,-261,-150
7.160,2026-05-03T23:57:18.737Z,2026-05-03 19:57:18.737,102630,94,3812,-29,-257
7.200,2026-05-03T23:57:18.777Z,2026-05-03 19:57:18.777,102630,95,3779,-291,-202
7.240,2026-05-03T23:57:18.817Z,2026-05-03 19:57:18.817,102630,96,3796,-333,-113
7.280,2026-05-03T23:57:18.857Z,2026-05-03 19:57:18.857,102630,97,3802,-257,-40
7.320,2026-05-03T23:57:18.897Z,2026-05-03 19:57:18.897,102630,98,3807,-202,58
7.360,2026-05-03T23:57:18.937Z,2026-05-03 19:57:18.937,102630,99,3824,-67,91
7.400,2026-05-03T23:57:18.977Z,2026-05-03 19:57:18.977,102630,100,3819,-71,162
7.440,2026-05-03T23:57:19.017Z,2026-05-03 19:57:19.017,102631,1,3819,-168,301
7.480,2026-05-03T23:57:19.057Z,2026-05-03 19:57:19.057,102631,2,3819,-185,368
7.520,2026-05-03T23:57:19.097Z,2026-05-03 19:57:19.097,102631,3,3824,-111,371
7.560,2026-05-03T23:57:19.137Z,2026-05-03 19:57:19.137,102631,4,3822,-67,356
7.600,2026-05-03T23:57:19.177Z,2026-05-03 19:57:19.177,102631,5,3800,-51,252
7.640,2026-05-03T23:57:19.217Z,2026-05-03 19:57:19.217,102631,6,3820,78,69
7.680,2026-05-03T23:57:19.257Z,2026-05-03 19:57:19.257,102631,7,3814,-17,41
7.720,2026-05-03T23:57:19.297Z,2026-05-03 19:57:19.297,102631,8,3796,60,-75
7.760,2026-05-03T23:57:19.337Z,2026-05-03 19:57:19.337,102631,9,3797,131,-196
7.800,2026-05-03T23:57:19.377Z,2026-05-03 19:57:19.377,102631,10,3801,189,-125
7.840,2026-05-03T23:57:19.417Z,2026-05-03 19:57:19.417,102631,11,3794,257,-27
7.880,2026-05-03T23:57:19.457Z,2026-05-03 19:57:19.457,102631,12,3806,356,75
7.920,2026-05-03T23:57:19.497Z,2026-05-03 19:57:19.497,102631,13,3825,409,172
7.960,2026-05-03T23:57:19.537Z,2026-05-03 19:57:19.537,102631,14,3800,390,299
8.000,2026-05-03T23:57:19.577Z,2026-05-03 19:57:19.577,102631,15,3834,484,307
8.040,2026-05-03T23:57:19.617Z,2026-05-03 19:57:19.617,102631,16,3825,412,328
8.080,2026-05-03T23:57:19.657Z,2026-05-03 19:57:19.657,102631,17,3820,303,314
8.120,2026-05-03T23:57:19.697Z,2026-05-03 19:57:19.697,102631,18,3808,234,243
8.160,2026-05-03T23:57:19.737Z,2026-05-03 19:57:19.737,102631,19,3809,182,155
8.200,2026-05-03T23:57:19.777Z,2026-05-03 19:57:19.777,102631,20,3821,280,55
8.240,2026-05-03T23:57:19.817Z,2026-05-03 19:57:19.817,102631,21,3824,278,-1
8.280,2026-05-03T23:57:19.857Z,2026-05-03 19:57:19.857,102631,22,3793,225,-28
8.320,2026-05-03T23:57:19.897Z,2026-05-03 19:57:19.897,102631,23,3813,193,-35
8.360,2026-05-03T23:57:19.937Z,2026-05-03 19:57:19.937,102631,24,3817,160,-1
8.400,2026-05-03T23:57:19.977Z,2026-05-03 19:57:19.977,102631,25,3810,167,55
8.440,2026-05-03T23:57:20.017Z,2026-05-03 19:57:20.017,102631,26,3816,177,127
8.480,2026-05-03T23:57:20.057Z,2026-05-03 19:57:20.057,102631,27,3799,142,223
8.520,2026-05-03T23:57:20.097Z,2026-05-03 19:57:20.097,102631,28,3826,154,249
8.560,2026-05-03T23:57:20.137Z,2026-05-03 19:57:20.137,102631,29,3820,120,248
8.600,2026-05-03T23:57:20.177Z,2026-05-03 19:57:20.177,102631,30,3802,161,217
8.640,2026-05-03T23:57:20.217Z,2026-05-03 19:57:20.217,102631,31,3822,207,150
8.680,2026-05-03T23:57:20.257Z,2026-05-03 19:57:20.257,102631,32,3808,155,90
8.720,2026-05-03T23:57:20.297Z,2026-05-03 19:57:20.297,102631,33,3801,191,17
8.760,2026-05-03T23:57:20.337Z,2026-05-03 19:57:20.337,102631,34,3814,138,-13
8.800,2026-05-03T23:57:20.377Z,2026-05-03 19:57:20.377,102631,35,3809,194,-14
8.840,2026-05-03T23:57:20.417Z,2026-05-03 19:57:20.417,102631,36,3806,205,40
8.880,2026-05-03T23:57:20.457Z,2026-05-03 19:57:20.457,102631,37,3813,233,87
8.920,2026-05-03T23:57:20.497Z,2026-05-03 19:57:20.497,102631,38,3797,187,143
8.960,2026-05-03T23:57:20.537Z,2026-05-03 19:57:20.537,102631,39,3824,216,190
9.000,2026-05-03T23:57:20.577Z,2026-05-03 19:57:20.577,102631,40,3813,232,231
9.040,2026-05-03T23:57:20.617Z,2026-05-03 19:57:20.617,102631,41,3819,215,230
9.080,2026-05-03T23:57:20.657Z,2026-05-03 19:57:20.657,102631,42,3822,321,191
9.120,2026-05-03T23:57:20.697Z,2026-05-03 19:57:20.697,102631,43,3821,298,156
9.160,2026-05-03T23:57:20.737Z,2026-05-03 19:57:20.737,102631,44,3798,628,92
9.200,2026-05-03T23:57:20.777Z,2026-05-03 19:57:20.777,102631,45,3799,1076,104
9.240,2026-05-03T23:57:20.817Z,2026-05-03 19:57:20.817,102631,46,3845,1519,47
9.280,2026-05-03T23:57:20.857Z,2026-05-03 19:57:20.857,102631,47,3762,1198,217
9.320,2026-05-03T23:57:20.897Z,2026-05-03 19:57:20.897,102631,48,3826,1463,76
9.360,2026-05-03T23:57:20.937Z,2026-05-03 19:57:20.937,102631,49,3757,1243,360
9.400,2026-05-03T23:57:20.977Z,2026-05-03 19:57:20.977,102631,50,3770,1420,230
9.440,2026-05-03T23:57:21.017Z,2026-05-03 19:57:21.017,102631,51,3725,1333,368
9.480,2026-05-03T23:57:21.057Z,2026-05-03 19:57:21.057,102631,52,3741,1386,408
9.520,2026-05-03T23:57:21.097Z,2026-05-03 19:57:21.097,102631,53,4232,1004,361
9.560,2026-05-03T23:57:21.137Z,2026-05-03 19:57:21.137,102631,54,3748,-3101,2915
9.600,2026-05-03T23:57:21.177Z,2026-05-03 19:57:21.177,102631,55,3686,314,-971
9.640,2026-05-03T23:57:21.217Z,2026-05-03 19:57:21.217,102631,56,3640,-2128,-514
9.680,2026-05-03T23:57:21.257Z,2026-05-03 19:57:21.257,102631,57,3563,-764,65
9.720,2026-05-03T23:57:21.297Z,2026-05-03 19:57:21.297,102631,58,3537,-1123,-1456
9.760,2026-05-03T23:57:21.337Z,2026-05-03 19:57:21.337,102631,59,3661,-1254,-1841
9.800,2026-05-03T23:57:21.377Z,2026-05-03 19:57:21.377,102631,60,3547,-631,-1814
9.840,2026-05-03T23:57:21.417Z,2026-05-03 19:57:21.417,102631,61,3659,-1362,-831
9.880,2026-05-03T23:57:21.457Z,2026-05-03 19:57:21.457,102631,62,3666,-1026,-652
9.920,2026-05-03T23:57:21.497Z,2026-05-03 19:57:21.497,102631,63,3701,-951,23
9.960,2026-05-03T23:57:21.537Z,2026-05-03 19:57:21.537,102631,64,3755,-1394,591
10.000,2026-05-03T23:57:21.577Z,2026-05-03 19:57:21.577,102631,65,3758,-805,543
10.040,2026-05-03T23:57:21.617Z,2026-05-03 19:57:21.617,102631,66,3727,-1486,973
10.080,2026-05-03T23:57:21.657Z,2026-05-03 19:57:21.657,102631,67,3743,-817,653
10.120,2026-05-03T23:57:21.697Z,2026-05-03 19:57:21.697,102631,68,3755,-1472,928
10.160,2026-05-03T23:57:21.737Z,2026-05-03 19:57:21.737,102631,69,3695,-880,114
10.200,2026-05-03T23:57:21.777Z,2026-05-03 19:57:21.777,102631,70,3718,-1403,247
10.240,2026-05-03T23:57:21.817Z,2026-05-03 19:57:21.817,102631,71,3635,-913,-414
10.280,2026-05-03T23:57:21.857Z,2026-05-03 19:57:21.857,102631,72,3606,-1317,-731
10.320,2026-05-03T23:57:21.897Z,2026-05-03 19:57:21.897,102631,73,3593,-808,-1056
10.360,2026-05-03T23:57:21.937Z,2026-05-03 19:57:21.937,102631,74,3931,97,-784
10.400,2026-05-03T23:57:21.977Z,2026-05-03 19:57:21.977,102631,75,4065,2185,-1494
10.440,2026-05-03T23:57:22.017Z,2026-05-03 19:57:22.017,102631,76,3564,943,-1062
10.480,2026-05-03T23:57:22.057Z,2026-05-03 19:57:22.057,102631,77,3817,1826,-99
10.520,2026-05-03T23:57:22.097Z,2026-05-03 19:57:22.097,102631,78,3874,1351,1112
10.560,2026-05-03T23:57:22.137Z,2026-05-03 19:57:22.137,102631,79,3800,1137,978
10.600,2026-05-03T23:57:22.177Z,2026-05-03 19:57:22.177,102631,80,3844,1570,681
10.640,2026-05-03T23:57:22.217Z,2026-05-03 19:57:22.217,102631,81,3771,978,1397
10.680,2026-05-03T23:57:22.257Z,2026-05-03 19:57:22.257,102631,82,3918,1585,1157
10.720,2026-05-03T23:57:22.297Z,2026-05-03 19:57:22.297,102631,83,3704,899,1381
10.760,2026-05-03T23:57:22.337Z,2026-05-03 19:57:22.337,102631,84,3830,1323,1059
10.800,2026-05-03T23:57:22.377Z,2026-05-03 19:57:22.377,102631,85,4018,1247,1077
10.840,2026-05-03T23:57:22.417Z,2026-05-03 19:57:22.417,102631,86,3991,-754,1723
10.880,2026-05-03T23:57:22.457Z,2026-05-03 19:57:22.457,102631,87,3799,-1727,2095
10.920,2026-05-03T23:57:22.497Z,2026-05-03 19:57:22.497,102631,88,3814,-1101,890
10.960,2026-05-03T23:57:22.537Z,2026-05-03 19:57:22.537,102631,89,3675,-1411,-1498
11.000,2026-05-03T23:57:22.577Z,2026-05-03 19:57:22.577,102631,90,3565,-621,-2172
11.040,2026-05-03T23:57:22.617Z,2026-05-03 19:57:22.617,102631,91,3606,-1429,-2264
11.080,2026-05-03T23:57:22.657Z,2026-05-03 19:57:22.657,102631,92,3570,-863,-2211
11.120,2026-05-03T23:57:22.697Z,2026-05-03 19:57:22.697,102631,93,3636,-1122,-1562
11.160,2026-05-03T23:57:22.737Z,2026-05-03 19:57:22.737,102631,94,3669,-1101,-403
11.200,2026-05-03T23:57:22.777Z,2026-05-03 19:57:22.777,102631,95,3765,-1270,1287
11.240,2026-05-03T23:57:22.817Z,2026-05-03 19:57:22.817,102631,96,3797,-1292,1605
11.280,2026-05-03T23:57:22.857Z,2026-05-03 19:57:22.857,102631,97,3761,-801,1157
11.320,2026-05-03T23:57:22.897Z,2026-05-03 19:57:22.897,102631,98,4014,119,1962
11.360,2026-05-03T23:57:22.937Z,2026-05-03 19:57:22.937,102631,99,4060,1498,1454
11.400,2026-05-03T23:57:22.977Z,2026-05-03 19:57:22.977,102631,100,3763,1312,82
11.440,2026-05-03T23:57:23.017Z,2026-05-03 19:57:23.017,102632,1,3767,1425,-243
11.480,2026-05-03T23:57:23.057Z,2026-05-03 19:57:23.057,102632,2,3877,1655,49
11.520,2026-05-03T23:57:23.097Z,2026-05-03 19:57:23.097,102632,3,3704,1218,20
11.560,2026-05-03T23:57:23.137Z,2026-05-03 19:57:23.137,102632,4,3866,1747,-897
11.600,2026-05-03T23:57:23.177Z,2026-05-03 19:57:23.177,102632,5,3693,1100,-64
11.640,2026-05-03T23:57:23.217Z,2026-05-03 19:57:23.217,102632,6,3945,1477,-418
11.680,2026-05-03T23:57:23.257Z,2026-05-03 19:57:23.257,102632,7,3734,-1766,-4
11.720,2026-05-03T23:57:23.297Z,2026-05-03 19:57:23.297,102632,8,3904,-784,210
11.760,2026-05-03T23:57:23.337Z,2026-05-03 19:57:23.337,102632,9,3634,-1590,254
11.800,2026-05-03T23:57:23.377Z,2026-05-03 19:57:23.377,102632,10,3677,-973,60
11.840,2026-05-03T23:57:23.417Z,2026-05-03 19:57:23.417,102632,11,3706,-1299,-102
11.880,2026-05-03T23:57:23.457Z,2026-05-03 19:57:23.457,102632,12,3721,-1192,-577
11.920,2026-05-03T23:57:23.497Z,2026-05-03 19:57:23.497,102632,13,3649,-1026,-510
11.960,2026-05-03T23:57:23.537Z,2026-05-03 19:57:23.537,102632,14,3720,-1128,-664
12.000,2026-05-03T23:57:23.577Z,2026-05-03 19:57:23.577,102632,15,3711,-872,-730
12.040,2026-05-03T23:57:23.617Z,2026-05-03 19:57:23.617,102632,16,3826,86,-587
12.080,2026-05-03T23:57:23.657Z,2026-05-03 19:57:23.657,102632,17,3912,951,-425
12.120,2026-05-03T23:57:23.697Z,2026-05-03 19:57:23.697,102632,18,3839,1211,39
12.160,2026-05-03T23:57:23.737Z,2026-05-03 19:57:23.737,102632,19,3854,1343,664
12.200,2026-05-03T23:57:23.777Z,2026-05-03 19:57:23.777,102632,20,3916,1238,714
12.240,2026-05-03T23:57:23.817Z,2026-05-03 19:57:23.817,102632,21,3844,395,1344
12.280,2026-05-03T23:57:23.857Z,2026-05-03 19:57:23.857,102632,22,3885,-116,1347
12.320,2026-05-03T23:57:23.897Z,2026-05-03 19:57:23.897,102632,23,3822,-717,1334
12.360,2026-05-03T23:57:23.937Z,2026-05-03 19:57:23.937,102632,24,3811,-718,1044
12.400,2026-05-03T23:57:23.977Z,2026-05-03 19:57:23.977,102632,25,3866,-315,627
12.440,2026-05-03T23:57:24.017Z,2026-05-03 19:57:24.017,102632,26,3786,126,-272
12.480,2026-05-03T23:57:24.057Z,2026-05-03 19:57:24.057,102632,27,3769,435,-991
12.520,2026-05-03T23:57:24.097Z,2026-05-03 19:57:24.097,102632,28,3748,465,-1357
12.560,2026-05-03T23:57:24.137Z,2026-05-03 19:57:24.137,102632,29,3751,-3,-1349
12.600,2026-05-03T23:57:24.177Z,2026-05-03 19:57:24.177,102632,30,3730,-339,-990
12.640,2026-05-03T23:57:24.217Z,2026-05-03 19:57:24.217,102632,31,3729,-889,-322
12.680,2026-05-03T23:57:24.257Z,2026-05-03 19:57:24.257,102632,32,3782,-892,346
12.720,2026-05-03T23:57:24.297Z,2026-05-03 19:57:24.297,102632,33,3820,-574,730
12.760,2026-05-03T23:57:24.337Z,2026-05-03 19:57:24.337,102632,34,3857,-221,852
12.800,2026-05-03T23:57:24.377Z,2026-05-03 19:57:24.377,102632,35,3839,180,740
12.840,2026-05-03T23:57:24.417Z,2026-05-03 19:57:24.417,102632,36,3887,819,507
12.880,2026-05-03T23:57:24.457Z,2026-05-03 19:57:24.457,102632,37,3872,970,397
12.920,2026-05-03T23:57:24.497Z,2026-05-03 19:57:24.497,102632,38,3845,516,180
12.960,2026-05-03T23:57:24.537Z,2026-05-03 19:57:24.537,102632,39,3815,-82,54
13.000,2026-05-03T23:57:24.577Z,2026-05-03 19:57:24.577,102632,40,3805,-334,73
13.040,2026-05-03T23:57:24.617Z,2026-05-03 19:57:24.617,102632,41,3778,-517,-12
13.080,2026-05-03T23:57:24.657Z,2026-05-03 19:57:24.657,102632,42,3779,-556,-176
13.120,2026-05-03T23:57:24.697Z,2026-05-03 19:57:24.697,102632,43,3789,-304,-321
13.160,2026-05-03T23:57:24.737Z,2026-05-03 19:57:24.737,102632,44,3806,83,-382
13.200,2026-05-03T23:57:24.777Z,2026-05-03 19:57:24.777,102632,45,3818,235,-270
13.240,2026-05-03T23:57:24.817Z,2026-05-03 19:57:24.817,102632,46,3823,179,-83
13.280,2026-05-03T23:57:24.857Z,2026-05-03 19:57:24.857,102632,47,3803,-87,151
13.320,2026-05-03T23:57:24.897Z,2026-05-03 19:57:24.897,102632,48,3813,-291,356
13.360,2026-05-03T23:57:24.937Z,2026-05-03 19:57:24.937,102632,49,3817,-261,499
13.400,2026-05-03T23:57:24.977Z,2026-05-03 19:57:24.977,102632,50,3832,-83,481
13.440,2026-05-03T23:57:25.017Z,2026-05-03 19:57:25.017,102632,51,3845,127,327
13.480,2026-05-03T23:57:25.057Z,2026-05-03 19:57:25.057,102632,52,3835,260,134
13.520,2026-05-03T23:57:25.097Z,2026-05-03 19:57:25.097,102632,53,3815,118,-62
13.560,2026-05-03T23:57:25.137Z,2026-05-03 19:57:25.137,102632,54,3809,-112,-177
13.600,2026-05-03T23:57:25.177Z,2026-05-03 19:57:25.177,102632,55,3795,-276,-206
13.640,2026-05-03T23:57:25.217Z,2026-05-03 19:57:25.217,102632,56,3789,-291,-198
13.680,2026-05-03T23:57:25.257Z,2026-05-03 19:57:25.257,102632,57,3812,-112,-114
13.720,2026-05-03T23:57:25.297Z,2026-05-03 19:57:25.297,102632,58,3829,83,4
13.760,2026-05-03T23:57:25.337Z,2026-05-03 19:57:25.337,102632,59,3834,117,144
13.800,2026-05-03T23:57:25.377Z,2026-05-03 19:57:25.377,102632,60,3820,21,293
13.840,2026-05-03T23:57:25.417Z,2026-05-03 19:57:25.417,102632,61,3829,-137,360
13.880,2026-05-03T23:57:25.457Z,2026-05-03 19:57:25.457,102632,62,3819,-158,361
13.920,2026-05-03T23:57:25.497Z,2026-05-03 19:57:25.497,102632,63,3816,-70,272
13.960,2026-05-03T23:57:25.537Z,2026-05-03 19:57:25.537,102632,64,3840,60,101
14.000,2026-05-03T23:57:25.577Z,2026-05-03 19:57:25.577,102632,65,3817,77,-61
14.040,2026-05-03T23:57:25.617Z,2026-05-03 19:57:25.617,102632,66,3801,-41,-146
14.080,2026-05-03T23:57:25.657Z,2026-05-03 19:57:25.657,102632,67,3800,-140,-197
14.120,2026-05-03T23:57:25.697Z,2026-05-03 19:57:25.697,102632,68,3805,-213,-139
14.160,2026-05-03T23:57:25.737Z,2026-05-03 19:57:25.737,102632,69,3810,-112,-30
14.200,2026-05-03T23:57:25.777Z,2026-05-03 19:57:25.777,102632,70,3813,12,71
14.240,2026-05-03T23:57:25.817Z,2026-05-03 19:57:25.817,102632,71,3832,84,198
14.280,2026-05-03T23:57:25.857Z,2026-05-03 19:57:25.857,102632,72,3822,34,283
14.320,2026-05-03T23:57:25.897Z,2026-05-03 19:57:25.897,102632,73,3820,-90,307
14.360,2026-05-03T23:57:25.937Z,2026-05-03 19:57:25.937,102632,74,3819,-138,276
14.400,2026-05-03T23:57:25.977Z,2026-05-03 19:57:25.977,102632,75,3825,-100,190
14.440,2026-05-03T23:57:26.017Z,2026-05-03 19:57:26.017,102632,76,3826,-1,41
14.480,2026-05-03T23:57:26.057Z,2026-05-03 19:57:26.057,102632,77,3814,-2,-58
14.520,2026-05-03T23:57:26.097Z,2026-05-03 19:57:26.097,102632,78,3808,-132,-151
14.560,2026-05-03T23:57:26.137Z,2026-05-03 19:57:26.137,102632,79,3802,-212,-169
14.600,2026-05-03T23:57:26.177Z,2026-05-03 19:57:26.177,102632,80,3796,-211,-158
14.640,2026-05-03T23:57:26.217Z,2026-05-03 19:57:26.217,102632,81,3799,-333,-88
14.680,2026-05-03T23:57:26.257Z,2026-05-03 19:57:26.257,102632,82,3813,-317,-34
14.720,2026-05-03T23:57:26.297Z,2026-05-03 19:57:26.297,102632,83,3817,-210,22
14.760,2026-05-03T23:57:26.337Z,2026-05-03 19:57:26.337,102632,84,3826,-152,59
14.800,2026-05-03T23:57:26.377Z,2026-05-03 19:57:26.377,102632,85,3829,-66,109
14.840,2026-05-03T23:57:26.417Z,2026-05-03 19:57:26.417,102632,86,3834,-95,229
14.880,2026-05-03T23:57:26.457Z,2026-05-03 19:57:26.457,102632,87,3821,-140,305
14.920,2026-05-03T23:57:26.497Z,2026-05-03 19:57:26.497,102632,88,3838,-124,317
14.960,2026-05-03T23:57:26.537Z,2026-05-03 19:57:26.537,102632,89,3813,-139,296
15.000,2026-05-03T23:57:26.577Z,2026-05-03 19:57:26.577,102632,90,3814,-80,211
15.040,2026-05-03T23:57:26.617Z,2026-05-03 19:57:26.617,102632,91,3813,-39,141
15.080,2026-05-03T23:57:26.657Z,2026-05-03 19:57:26.657,102632,92,3807,43,44
15.120,2026-05-03T23:57:26.697Z,2026-05-03 19:57:26.697,102632,93,3799,119,-31
15.160,2026-05-03T23:57:26.737Z,2026-05-03 19:57:26.737,102632,94,3777,108,-53
15.200,2026-05-03T23:57:26.777Z,2026-05-03 19:57:26.777,102632,95,3809,188,-53
15.240,2026-05-03T23:57:26.817Z,2026-05-03 19:57:26.817,102632,96,3814,214,-19
15.280,2026-05-03T23:57:26.857Z,2026-05-03 19:57:26.857,102632,97,3792,166,70
15.320,2026-05-03T23:57:26.897Z,2026-05-03 19:57:26.897,102632,98,3813,196,117
15.360,2026-05-03T23:57:26.937Z,2026-05-03 19:57:26.937,102632,99,3804,226,194
15.400,2026-05-03T23:57:26.977Z,2026-05-03 19:57:26.977,102632,100,3813,273,273
15.440,2026-05-03T23:57:27.017Z,2026-05-03 19:57:27.017,102633,1,3824,347,287
15.480,2026-05-03T23:57:27.057Z,2026-05-03 19:57:27.057,102633,2,3800,296,267
15.520,2026-05-03T23:57:27.097Z,2026-05-03 19:57:27.097,102633,3,3814,294,212
15.560,2026-05-03T23:57:27.137Z,2026-05-03 19:57:27.137,102633,4,3812,275,141
15.600,2026-05-03T23:57:27.177Z,2026-05-03 19:57:27.177,102633,5,3797,190,84
15.640,2026-05-03T23:57:27.217Z,2026-05-03 19:57:27.217,102633,6,3804,212,-2
15.680,2026-05-03T23:57:27.257Z,2026-05-03 19:57:27.257,102633,7,3790,153,-26
15.720,2026-05-03T23:57:27.297Z,2026-05-03 19:57:27.297,102633,8,3807,208,-23
15.760,2026-05-03T23:57:27.337Z,2026-05-03 19:57:27.337,102633,9,3809,248,32
15.800,2026-05-03T23:57:27.377Z,2026-05-03 19:57:27.377,102633,10,3809,275,108
15.840,2026-05-03T23:57:27.417Z,2026-05-03 19:57:27.417,102633,11,3835,271,158
15.880,2026-05-03T23:57:27.457Z,2026-05-03 19:57:27.457,102633,12,3811,260,214
15.920,2026-05-03T23:57:27.497Z,2026-05-03 19:57:27.497,102633,13,3813,277,225
15.960,2026-05-03T23:57:27.537Z,2026-05-03 19:57:27.537,102633,14,3801,265,217
16.000,2026-05-03T23:57:27.577Z,2026-05-03 19:57:27.577,102633,15,3825,315,162
16.040,2026-05-03T23:57:27.617Z,2026-05-03 19:57:27.617,102633,16,3810,306,131
16.080,2026-05-03T23:57:27.657Z,2026-05-03 19:57:27.657,102633,17,3800,322,105
16.120,2026-05-03T23:57:27.697Z,2026-05-03 19:57:27.697,102633,18,3814,307,76
16.160,2026-05-03T23:57:27.737Z,2026-05-03 19:57:27.737,102633,19,3806,292,68
16.200,2026-05-03T23:57:27.777Z,2026-05-03 19:57:27.777,102633,20,3799,276,72
16.240,2026-05-03T23:57:27.817Z,2026-05-03 19:57:27.817,102633,21,3804,390,89
16.280,2026-05-03T23:57:27.857Z,2026-05-03 19:57:27.857,102633,22,3815,444,127
16.320,2026-05-03T23:57:27.897Z,2026-05-03 19:57:27.897,102633,23,3805,372,151
16.360,2026-05-03T23:57:27.937Z,2026-05-03 19:57:27.937,102633,24,3817,319,143
16.400,2026-05-03T23:57:27.977Z,2026-05-03 19:57:27.977,102633,25,3793,254,174
16.440,2026-05-03T23:57:28.017Z,2026-05-03 19:57:28.017,102633,26,3808,265,182
16.480,2026-05-03T23:57:28.057Z,2026-05-03 19:57:28.057,102633,27,3796,354,171
16.520,2026-05-03T23:57:28.097Z,2026-05-03 19:57:28.097,102633,28,3812,349,147
16.560,2026-05-03T23:57:28.137Z,2026-05-03 19:57:28.137,102633,29,3807,327,133
16.600,2026-05-03T23:57:28.177Z,2026-05-03 19:57:28.177,102633,30,3809,360,100
16.640,2026-05-03T23:57:28.217Z,2026-05-03 19:57:28.217,102633,31,3792,357,90
16.680,2026-05-03T23:57:28.257Z,2026-05-03 19:57:28.257,102633,32,3817,343,87
16.720,2026-05-03T23:57:28.297Z,2026-05-03 19:57:28.297,102633,33,3802,380,113
16.760,2026-05-03T23:57:28.337Z,2026-05-03 19:57:28.337,102633,34,3822,451,126
16.800,2026-05-03T23:57:28.377Z,2026-05-03 19:57:28.377,102633,35,3802,376,158
16.840,2026-05-03T23:57:28.417Z,2026-05-03 19:57:28.417,102633,36,3800,475,166
16.880,2026-05-03T23:57:28.457Z,2026-05-03 19:57:28.457,102633,37,3806,513,171
16.920,2026-05-03T23:57:28.497Z,2026-05-03 19:57:28.497,102633,38,3798,672,168
16.960,2026-05-03T23:57:28.537Z,2026-05-03 19:57:28.537,102633,39,3818,884,181
17.000,2026-05-03T23:57:28.577Z,2026-05-03 19:57:28.577,102633,40,3791,1207,219
17.040,2026-05-03T23:57:28.617Z,2026-05-03 19:57:28.617,102633,41,3812,1306,102
17.080,2026-05-03T23:57:28.657Z,2026-05-03 19:57:28.657,102633,42,3798,1249,171
17.120,2026-05-03T23:57:28.697Z,2026-05-03 19:57:28.697,102633,43,3782,1229,248
17.160,2026-05-03T23:57:28.737Z,2026-05-03 19:57:28.737,102633,44,3795,1350,156
17.200,2026-05-03T23:57:28.777Z,2026-05-03 19:57:28.777,102633,45,3739,1192,317
17.240,2026-05-03T23:57:28.817Z,2026-05-03 19:57:28.817,102633,46,3773,1422,184
17.280,2026-05-03T23:57:28.857Z,2026-05-03 19:57:28.857,102633,47,3698,1206,326
17.320,2026-05-03T23:57:28.897Z,2026-05-03 19:57:28.897,102633,48,3714,1455,186
17.360,2026-05-03T23:57:28.937Z,2026-05-03 19:57:28.937,102633,49,3638,1285,331
17.400,2026-05-03T23:57:28.977Z,2026-05-03 19:57:28.977,102633,50,4189,1507,592
17.440,2026-05-03T23:57:29.017Z,2026-05-03 19:57:29.017,102633,51,3984,-3539,1443
17.480,2026-05-03T23:57:29.057Z,2026-05-03 19:57:29.057,102633,52,3702,903,-552
17.520,2026-05-03T23:57:29.097Z,2026-05-03 19:57:29.097,102633,53,3499,-3382,2220
17.560,2026-05-03T23:57:29.137Z,2026-05-03 19:57:29.137,102633,54,3602,375,-471
17.600,2026-05-03T23:57:29.177Z,2026-05-03 19:57:29.177,102633,55,3703,-1847,-286
17.640,2026-05-03T23:57:29.217Z,2026-05-03 19:57:29.217,102633,56,3625,-878,-637
17.680,2026-05-03T23:57:29.257Z,2026-05-03 19:57:29.257,102633,57,3591,-921,-590
17.720,2026-05-03T23:57:29.297Z,2026-05-03 19:57:29.297,102633,58,3728,-1419,-843
17.760,2026-05-03T23:57:29.337Z,2026-05-03 19:57:29.337,102633,59,3620,-507,-916
17.800,2026-05-03T23:57:29.377Z,2026-05-03 19:57:29.377,102633,60,3730,-1477,362
17.840,2026-05-03T23:57:29.417Z,2026-05-03 19:57:29.417,102633,61,3714,-736,153
17.880,2026-05-03T23:57:29.457Z,2026-05-03 19:57:29.457,102633,62,3772,-1267,837
17.920,2026-05-03T23:57:29.497Z,2026-05-03 19:57:29.497,102633,63,3744,-968,773
17.960,2026-05-03T23:57:29.537Z,2026-05-03 19:57:29.537,102633,64,3761,-1079,890
18.000,2026-05-03T23:57:29.577Z,2026-05-03 19:57:29.577,102633,65,3767,-1101,787
18.040,2026-05-03T23:57:29.617Z,2026-05-03 19:57:29.617,102633,66,3728,-861,255
18.080,2026-05-03T23:57:29.657Z,2026-05-03 19:57:29.657,102633,67,3740,-1234,323
18.120,2026-05-03T23:57:29.697Z,2026-05-03 19:57:29.697,102633,68,3715,-699,-330
18.160,2026-05-03T23:57:29.737Z,2026-05-03 19:57:29.737,102633,69,3726,-1254,-309
18.200,2026-05-03T23:57:29.777Z,2026-05-03 19:57:29.777,102633,70,3684,-650,-895
18.240,2026-05-03T23:57:29.817Z,2026-05-03 19:57:29.817,102633,71,3701,-1196,-654
18.280,2026-05-03T23:57:29.857Z,2026-05-03 19:57:29.857,102633,72,3688,-797,-634
18.320,2026-05-03T23:57:29.897Z,2026-05-03 19:57:29.897,102633,73,3694,-1120,-187
18.360,2026-05-03T23:57:29.937Z,2026-05-03 19:57:29.937,102633,74,3731,-962,-27
18.400,2026-05-03T23:57:29.977Z,2026-05-03 19:57:29.977,102633,75,3725,-1010,179
18.440,2026-05-03T23:57:30.017Z,2026-05-03 19:57:30.017,102633,76,3710,-1146,543
18.480,2026-05-03T23:57:30.057Z,2026-05-03 19:57:30.057,102633,77,3709,-1009,568
18.520,2026-05-03T23:57:30.097Z,2026-05-03 19:57:30.097,102633,78,3695,-1193,537
18.560,2026-05-03T23:57:30.137Z,2026-05-03 19:57:30.137,102633,79,3661,-1018,297
18.600,2026-05-03T23:57:30.177Z,2026-05-03 19:57:30.177,102633,80,3664,-1203,229
18.640,2026-05-03T23:57:30.217Z,2026-05-03 19:57:30.217,102633,81,3606,-1063,-67
18.680,2026-05-03T23:57:30.257Z,2026-05-03 19:57:30.257,102633,82,3581,-1150,-277
18.720,2026-05-03T23:57:30.297Z,2026-05-03 19:57:30.297,102633,83,3676,-928,-619
18.760,2026-05-03T23:57:30.337Z,2026-05-03 19:57:30.337,102633,84,4444,2196,-1350
18.800,2026-05-03T23:57:30.377Z,2026-05-03 19:57:30.377,102633,85,3322,383,-1089
18.840,2026-05-03T23:57:30.417Z,2026-05-03 19:57:30.417,102633,86,3998,2521,-1094
18.880,2026-05-03T23:57:30.457Z,2026-05-03 19:57:30.457,102633,87,3494,371,1350
18.920,2026-05-03T23:57:30.497Z,2026-05-03 19:57:30.497,102633,88,4105,2269,299
18.960,2026-05-03T23:57:30.537Z,2026-05-03 19:57:30.537,102633,89,3586,394,1787
19.000,2026-05-03T23:57:30.577Z,2026-05-03 19:57:30.577,102633,90,4027,1898,954
19.040,2026-05-03T23:57:30.617Z,2026-05-03 19:57:30.617,102633,91,3756,911,1654
19.080,2026-05-03T23:57:30.657Z,2026-05-03 19:57:30.657,102633,92,3833,1249,1225
19.120,2026-05-03T23:57:30.697Z,2026-05-03 19:57:30.697,102633,93,3871,1487,955
19.160,2026-05-03T23:57:30.737Z,2026-05-03 19:57:30.737,102633,94,3734,946,1032
19.200,2026-05-03T23:57:30.777Z,2026-05-03 19:57:30.777,102633,95,3921,1668,605
19.240,2026-05-03T23:57:30.817Z,2026-05-03 19:57:30.817,102633,96,3721,973,638
19.280,2026-05-03T23:57:30.857Z,2026-05-03 19:57:30.857,102633,97,3840,1731,-425
19.320,2026-05-03T23:57:30.897Z,2026-05-03 19:57:30.897,102633,98,3601,1130,-282
19.360,2026-05-03T23:57:30.937Z,2026-05-03 19:57:30.937,102633,99,3700,1668,-994
19.400,2026-05-03T23:57:30.977Z,2026-05-03 19:57:30.977,102633,100,4171,1132,-1324
19.440,2026-05-03T23:57:31.017Z,2026-05-03 19:57:31.017,102634,1,3793,-3151,1971
19.480,2026-05-03T23:57:31.057Z,2026-05-03 19:57:31.057,102634,2,3534,24,-573
19.520,2026-05-03T23:57:31.097Z,2026-05-03 19:57:31.097,102634,3,3718,-1913,154
19.560,2026-05-03T23:57:31.137Z,2026-05-03 19:57:31.137,102634,4,3703,-869,-12
19.600,2026-05-03T23:57:31.177Z,2026-05-03 19:57:31.177,102634,5,3636,-1120,60
19.640,2026-05-03T23:57:31.217Z,2026-05-03 19:57:31.217,102634,6,3781,-1485,256
19.680,2026-05-03T23:57:31.257Z,2026-05-03 19:57:31.257,102634,7,3657,-576,-552
19.720,2026-05-03T23:57:31.297Z,2026-05-03 19:57:31.297,102634,8,3782,-1698,485
19.760,2026-05-03T23:57:31.337Z,2026-05-03 19:57:31.337,102634,9,3706,-619,-163
19.800,2026-05-03T23:57:31.377Z,2026-05-03 19:57:31.377,102634,10,3750,-1516,297
19.840,2026-05-03T23:57:31.417Z,2026-05-03 19:57:31.417,102634,11,3768,-836,-248
19.880,2026-05-03T23:57:31.457Z,2026-05-03 19:57:31.457,102634,12,3689,-1228,39
19.920,2026-05-03T23:57:31.497Z,2026-05-03 19:57:31.497,102634,13,3765,-1051,-74
19.960,2026-05-03T23:57:31.537Z,2026-05-03 19:57:31.537,102634,14,3673,-1138,3
20.000,2026-05-03T23:57:31.577Z,2026-05-03 19:57:31.577,102634,15,3731,-1065,-22
20.040,2026-05-03T23:57:31.617Z,2026-05-03 19:57:31.617,102634,16,3693,-1180,-71
20.080,2026-05-03T23:57:31.657Z,2026-05-03 19:57:31.657,102634,17,3682,-1012,-54
20.120,2026-05-03T23:57:31.697Z,2026-05-03 19:57:31.697,102634,18,3673,-1263,47
20.160,2026-05-03T23:57:31.737Z,2026-05-03 19:57:31.737,102634,19,3657,-1016,-49
20.200,2026-05-03T23:57:31.777Z,2026-05-03 19:57:31.777,102634,20,3620,-1257,43
20.240,2026-05-03T23:57:31.817Z,2026-05-03 19:57:31.817,102634,21,3829,-948,-259
20.280,2026-05-03T23:57:31.857Z,2026-05-03 19:57:31.857,102634,22,4321,2497,-1625
20.320,2026-05-03T23:57:31.897Z,2026-05-03 19:57:31.897,102634,23,3369,426,-996
20.360,2026-05-03T23:57:31.937Z,2026-05-03 19:57:31.937,102634,24,4015,2458,-528
20.400,2026-05-03T23:57:31.977Z,2026-05-03 19:57:31.977,102634,25,3576,495,1445
20.440,2026-05-03T23:57:32.017Z,2026-05-03 19:57:32.017,102634,26,4069,2071,70
20.480,2026-05-03T23:57:32.057Z,2026-05-03 19:57:32.057,102634,27,3684,727,1511
20.520,2026-05-03T23:57:32.097Z,2026-05-03 19:57:32.097,102634,28,3971,1624,1112
20.560,2026-05-03T23:57:32.137Z,2026-05-03 19:57:32.137,102634,29,3833,1109,1452
20.600,2026-05-03T23:57:32.177Z,2026-05-03 19:57:32.177,102634,30,3849,1281,976
20.640,2026-05-03T23:57:32.217Z,2026-05-03 19:57:32.217,102634,31,3856,1397,854
20.680,2026-05-03T23:57:32.257Z,2026-05-03 19:57:32.257,102634,32,3761,1118,811
20.720,2026-05-03T23:57:32.297Z,2026-05-03 19:57:32.297,102634,33,3852,1569,250
20.760,2026-05-03T23:57:32.337Z,2026-05-03 19:57:32.337,102634,34,3930,1081,478
20.800,2026-05-03T23:57:32.377Z,2026-05-03 19:57:32.377,102634,35,3916,-968,-1193
20.840,2026-05-03T23:57:32.417Z,2026-05-03 19:57:32.417,102634,36,3771,-1302,395
20.880,2026-05-03T23:57:32.457Z,2026-05-03 19:57:32.457,102634,37,3554,-1697,975
20.920,2026-05-03T23:57:32.497Z,2026-05-03 19:57:32.497,102634,38,3718,-747,-1095
20.960,2026-05-03T23:57:32.537Z,2026-05-03 19:57:32.537,102634,39,3728,-1357,-1047
21.000,2026-05-03T23:57:32.577Z,2026-05-03 19:57:32.577,102634,40,3618,-949,-807
21.040,2026-05-03T23:57:32.617Z,2026-05-03 19:57:32.617,102634,41,3695,-1348,-363
21.080,2026-05-03T23:57:32.657Z,2026-05-03 19:57:32.657,102634,42,3723,-991,-819
21.120,2026-05-03T23:57:32.697Z,2026-05-03 19:57:32.697,102634,43,3704,-1143,304
21.160,2026-05-03T23:57:32.737Z,2026-05-03 19:57:32.737,102634,44,3719,-1321,702
21.200,2026-05-03T23:57:32.777Z,2026-05-03 19:57:32.777,102634,45,3743,-1057,528
21.240,2026-05-03T23:57:32.817Z,2026-05-03 19:57:32.817,102634,46,3726,-1303,722
21.280,2026-05-03T23:57:32.857Z,2026-05-03 19:57:32.857,102634,47,3708,-1075,629
21.320,2026-05-03T23:57:32.897Z,2026-05-03 19:57:32.897,102634,48,3684,-1314,550
21.360,2026-05-03T23:57:32.937Z,2026-05-03 19:57:32.937,102634,49,3813,-969,-139
21.400,2026-05-03T23:57:32.977Z,2026-05-03 19:57:32.977,102634,50,4061,1610,-1167
21.440,2026-05-03T23:57:33.017Z,2026-05-03 19:57:33.017,102634,51,3661,1102,-1415
21.480,2026-05-03T23:57:33.057Z,2026-05-03 19:57:33.057,102634,52,3861,1865,-841
21.520,2026-05-03T23:57:33.097Z,2026-05-03 19:57:33.097,102634,53,3636,967,230
21.560,2026-05-03T23:57:33.137Z,2026-05-03 19:57:33.137,102634,54,3996,1952,-104
21.600,2026-05-03T23:57:33.177Z,2026-05-03 19:57:33.177,102634,55,3725,764,1500
21.640,2026-05-03T23:57:33.217Z,2026-05-03 19:57:33.217,102634,56,3989,1695,913
21.680,2026-05-03T23:57:33.257Z,2026-05-03 19:57:33.257,102634,57,3757,803,1469
21.720,2026-05-03T23:57:33.297Z,2026-05-03 19:57:33.297,102634,58,3998,1246,1164
21.760,2026-05-03T23:57:33.337Z,2026-05-03 19:57:33.337,102634,59,3906,-635,1461
21.800,2026-05-03T23:57:33.377Z,2026-05-03 19:57:33.377,102634,60,3791,-1300,1344
21.840,2026-05-03T23:57:33.417Z,2026-05-03 19:57:33.417,102634,61,3753,-1195,1104
21.880,2026-05-03T23:57:33.457Z,2026-05-03 19:57:33.457,102634,62,3784,-1186,604
21.920,2026-05-03T23:57:33.497Z,2026-05-03 19:57:33.497,102634,63,3692,-1428,230
21.960,2026-05-03T23:57:33.537Z,2026-05-03 19:57:33.537,102634,64,3654,-926,-1630
22.000,2026-05-03T23:57:33.577Z,2026-05-03 19:57:33.577,102634,65,3665,-461,-2704
22.040,2026-05-03T23:57:33.617Z,2026-05-03 19:57:33.617,102634,66,3648,-35,-2384
22.080,2026-05-03T23:57:33.657Z,2026-05-03 19:57:33.657,102634,67,3697,304,-1771
22.120,2026-05-03T23:57:33.697Z,2026-05-03 19:57:33.697,102634,68,3763,288,-982
22.160,2026-05-03T23:57:33.737Z,2026-05-03 19:57:33.737,102634,69,3802,108,198
22.200,2026-05-03T23:57:33.777Z,2026-05-03 19:57:33.777,102634,70,3863,-508,1516
22.240,2026-05-03T23:57:33.817Z,2026-05-03 19:57:33.817,102634,71,3918,-16,1803
22.280,2026-05-03T23:57:33.857Z,2026-05-03 19:57:33.857,102634,72,3860,237,1561
22.320,2026-05-03T23:57:33.897Z,2026-05-03 19:57:33.897,102634,73,3751,385,1155
22.360,2026-05-03T23:57:33.937Z,2026-05-03 19:57:33.937,102634,74,3830,611,1256
22.400,2026-05-03T23:57:33.977Z,2026-05-03 19:57:33.977,102634,75,3972,434,1662
22.440,2026-05-03T23:57:34.017Z,2026-05-03 19:57:34.017,102634,76,3816,59,962
22.480,2026-05-03T23:57:34.057Z,2026-05-03 19:57:34.057,102634,77,3757,-92,131
22.520,2026-05-03T23:57:34.097Z,2026-05-03 19:57:34.097,102634,78,3878,439,-370
22.560,2026-05-03T23:57:34.137Z,2026-05-03 19:57:34.137,102634,79,3699,-652,-674
22.600,2026-05-03T23:57:34.177Z,2026-05-03 19:57:34.177,102634,80,3732,125,-1519
22.640,2026-05-03T23:57:34.217Z,2026-05-03 19:57:34.217,102634,81,3658,-834,-1752
22.680,2026-05-03T23:57:34.257Z,2026-05-03 19:57:34.257,102634,82,3711,-367,-1679
22.720,2026-05-03T23:57:34.297Z,2026-05-03 19:57:34.297,102634,83,3724,-755,-463
22.760,2026-05-03T23:57:34.337Z,2026-05-03 19:57:34.337,102634,84,3813,-365,471
22.800,2026-05-03T23:57:34.377Z,2026-05-03 19:57:34.377,102634,85,3838,-363,840
22.840,2026-05-03T23:57:34.417Z,2026-05-03 19:57:34.417,102634,86,3847,-267,1036
22.880,2026-05-03T23:57:34.457Z,2026-05-03 19:57:34.457,102634,87,3904,578,1138
22.920,2026-05-03T23:57:34.497Z,2026-05-03 19:57:34.497,102634,88,3880,768,1144
22.960,2026-05-03T23:57:34.537Z,2026-05-03 19:57:34.537,102634,89,3881,825,828
23.000,2026-05-03T23:57:34.577Z,2026-05-03 19:57:34.577,102634,90,3835,338,494
23.040,2026-05-03T23:57:34.617Z,2026-05-03 19:57:34.617,102634,91,3805,-89,111
23.080,2026-05-03T23:57:34.657Z,2026-05-03 19:57:34.657,102634,92,3828,-180,-117
23.120,2026-05-03T23:57:34.697Z,2026-05-03 19:57:34.697,102634,93,3757,-502,-354
23.160,2026-05-03T23:57:34.737Z,2026-05-03 19:57:34.737,102634,94,3763,-372,-646
23.200,2026-05-03T23:57:34.777Z,2026-05-03 19:57:34.777,102634,95,3733,-482,-773
23.240,2026-05-03T23:57:34.817Z,2026-05-03 19:57:34.817,102634,96,3780,-139,-802
23.280,2026-05-03T23:57:34.857Z,2026-05-03 19:57:34.857,102634,97,3779,26,-382
23.320,2026-05-03T23:57:34.897Z,2026-05-03 19:57:34.897,102634,98,3823,112,89
23.360,2026-05-03T23:57:34.937Z,2026-05-03 19:57:34.937,102634,99,3826,-61,396
23.400,2026-05-03T23:57:34.977Z,2026-05-03 19:57:34.977,102634,100,3834,-143,624
23.440,2026-05-03T23:57:35.017Z,2026-05-03 19:57:35.017,102635,1,3861,-89,813
23.480,2026-05-03T23:57:35.057Z,2026-05-03 19:57:35.057,102635,2,3853,7,811
23.520,2026-05-03T23:57:35.097Z,2026-05-03 19:57:35.097,102635,3,3863,259,510
23.560,2026-05-03T23:57:35.137Z,2026-05-03 19:57:35.137,102635,4,3819,227,193
23.600,2026-05-03T23:57:35.177Z,2026-05-03 19:57:35.177,102635,5,3822,33,-133
23.640,2026-05-03T23:57:35.217Z,2026-05-03 19:57:35.217,102635,6,3773,-157,-357
23.680,2026-05-03T23:57:35.257Z,2026-05-03 19:57:35.257,102635,7,3777,-236,-464
23.720,2026-05-03T23:57:35.297Z,2026-05-03 19:57:35.297,102635,8,3767,-324,-446
23.760,2026-05-03T23:57:35.337Z,2026-05-03 19:57:35.337,102635,9,3767,-288,-339
23.800,2026-05-03T23:57:35.377Z,2026-05-03 19:57:35.377,102635,10,3791,-114,-80
23.840,2026-05-03T23:57:35.417Z,2026-05-03 19:57:35.417,102635,11,3833,27,162
23.880,2026-05-03T23:57:35.457Z,2026-05-03 19:57:35.457,102635,12,3830,-202,370
23.920,2026-05-03T23:57:35.497Z,2026-05-03 19:57:35.497,102635,13,3831,-209,424
23.960,2026-05-03T23:57:35.537Z,2026-05-03 19:57:35.537,102635,14,3828,-101,390
24.000,2026-05-03T23:57:35.577Z,2026-05-03 19:57:35.577,102635,15,3816,-85,279
24.040,2026-05-03T23:57:35.617Z,2026-05-03 19:57:35.617,102635,16,3823,-81,104
24.080,2026-05-03T23:57:35.657Z,2026-05-03 19:57:35.657,102635,17,3837,-32,5
24.120,2026-05-03T23:57:35.697Z,2026-05-03 19:57:35.697,102635,18,3820,-74,-36
24.160,2026-05-03T23:57:35.737Z,2026-05-03 19:57:35.737,102635,19,3810,-148,-53
24.200,2026-05-03T23:57:35.777Z,2026-05-03 19:57:35.777,102635,20,3805,-257,-63
24.240,2026-05-03T23:57:35.817Z,2026-05-03 19:57:35.817,102635,21,3805,-305,-18
24.280,2026-05-03T23:57:35.857Z,2026-05-03 19:57:35.857,102635,22,3804,-256,29
24.320,2026-05-03T23:57:35.897Z,2026-05-03 19:57:35.897,102635,23,3805,-251,81
24.360,2026-05-03T23:57:35.937Z,2026-05-03 19:57:35.937,102635,24,3796,-210,148
24.400,2026-05-03T23:57:35.977Z,2026-05-03 19:57:35.977,102635,25,3815,-144,193
24.440,2026-05-03T23:57:36.017Z,2026-05-03 19:57:36.017,102635,26,3796,-82,204
24.480,2026-05-03T23:57:36.057Z,2026-05-03 19:57:36.057,102635,27,3796,-12,187
24.520,2026-05-03T23:57:36.097Z,2026-05-03 19:57:36.097,102635,28,3798,66,145
24.560,2026-05-03T23:57:36.137Z,2026-05-03 19:57:36.137,102635,29,3793,148,110
24.600,2026-05-03T23:57:36.177Z,2026-05-03 19:57:36.177,102635,30,3807,218,84
24.640,2026-05-03T23:57:36.217Z,2026-05-03 19:57:36.217,102635,31,3802,279,63
24.680,2026-05-03T23:57:36.257Z,2026-05-03 19:57:36.257,102635,32,3794,328,64
24.720,2026-05-03T23:57:36.297Z,2026-05-03 19:57:36.297,102635,33,3798,388,79
24.760,2026-05-03T23:57:36.337Z,2026-05-03 19:57:36.337,102635,34,3798,420,95
24.800,2026-05-03T23:57:36.377Z,2026-05-03 19:57:36.377,102635,35,3800,447,134
24.840,2026-05-03T23:57:36.417Z,2026-05-03 19:57:36.417,102635,36,3803,497,156
24.880,2026-05-03T23:57:36.457Z,2026-05-03 19:57:36.457,102635,37,3819,499,172
24.920,2026-05-03T23:57:36.497Z,2026-05-03 19:57:36.497,102635,38,3809,440,186
24.960,2026-05-03T23:57:36.537Z,2026-05-03 19:57:36.537,102635,39,3808,436,203
25.000,2026-05-03T23:57:36.577Z,2026-05-03 19:57:36.577,102635,40,3809,452,177
25.040,2026-05-03T23:57:36.617Z,2026-05-03 19:57:36.617,102635,41,3818,437,173
25.080,2026-05-03T23:57:36.657Z,2026-05-03 19:57:36.657,102635,42,3817,500,157
25.120,2026-05-03T23:57:36.697Z,2026-05-03 19:57:36.697,102635,43,3820,418,141
25.160,2026-05-03T23:57:36.737Z,2026-05-03 19:57:36.737,102635,44,3813,473,106
25.200,2026-05-03T23:57:36.777Z,2026-05-03 19:57:36.777,102635,45,3814,500,95
25.240,2026-05-03T23:57:36.817Z,2026-05-03 19:57:36.817,102635,46,3795,523,97
25.280,2026-05-03T23:57:36.857Z,2026-05-03 19:57:36.857,102635,47,3795,711,122
25.320,2026-05-03T23:57:36.897Z,2026-05-03 19:57:36.897,102635,48,3799,1003,125
25.360,2026-05-03T23:57:36.937Z,2026-05-03 19:57:36.937,102635,49,3809,1226,203
25.400,2026-05-03T23:57:36.977Z,2026-05-03 19:57:36.977,102635,50,3813,1328,209
25.440,2026-05-03T23:57:37.017Z,2026-05-03 19:57:37.017,102635,51,3784,1228,295
25.480,2026-05-03T23:57:37.057Z,2026-05-03 19:57:37.057,102635,52,3796,1316,288
25.520,2026-05-03T23:57:37.097Z,2026-05-03 19:57:37.097,102635,53,3771,1280,297
25.560,2026-05-03T23:57:37.137Z,2026-05-03 19:57:37.137,102635,54,3762,1308,290
25.600,2026-05-03T23:57:37.177Z,2026-05-03 19:57:37.177,102635,55,3747,1347,253
25.640,2026-05-03T23:57:37.217Z,2026-05-03 19:57:37.217,102635,56,3702,1339,263
25.680,2026-05-03T23:57:37.257Z,2026-05-03 19:57:37.257,102635,57,3668,1398,227
25.720,2026-05-03T23:57:37.297Z,2026-05-03 19:57:37.297,102635,58,4326,1486,682
25.760,2026-05-03T23:57:37.337Z,2026-05-03 19:57:37.337,102635,59,3860,-3711,2539
25.800,2026-05-03T23:57:37.377Z,2026-05-03 19:57:37.377,102635,60,3651,968,-1314
25.840,2026-05-03T23:57:37.417Z,2026-05-03 19:57:37.417,102635,61,3642,-3072,1298
25.880,2026-05-03T23:57:37.457Z,2026-05-03 19:57:37.457,102635,62,3536,-13,-218
25.920,2026-05-03T23:57:37.497Z,2026-05-03 19:57:37.497,102635,63,3649,-1690,-931
25.960,2026-05-03T23:57:37.537Z,2026-05-03 19:57:37.537,102635,64,3635,-862,-1094
26.000,2026-05-03T23:57:37.577Z,2026-05-03 19:57:37.577,102635,65,3573,-983,-904
26.040,2026-05-03T23:57:37.617Z,2026-05-03 19:57:37.617,102635,66,3697,-1281,-580
26.080,2026-05-03T23:57:37.657Z,2026-05-03 19:57:37.657,102635,67,3659,-836,-586
26.120,2026-05-03T23:57:37.697Z,2026-05-03 19:57:37.697,102635,68,3745,-1171,221
26.160,2026-05-03T23:57:37.737Z,2026-05-03 19:57:37.737,102635,69,3725,-1043,313
26.200,2026-05-03T23:57:37.777Z,2026-05-03 19:57:37.777,102635,70,3769,-1043,700
26.240,2026-05-03T23:57:37.817Z,2026-05-03 19:57:37.817,102635,71,3762,-1184,891
26.280,2026-05-03T23:57:37.857Z,2026-05-03 19:57:37.857,102635,72,3750,-960,657
26.320,2026-05-03T23:57:37.897Z,2026-05-03 19:57:37.897,102635,73,3752,-1209,540
26.360,2026-05-03T23:57:37.937Z,2026-05-03 19:57:37.937,102635,74,3720,-858,-60
26.400,2026-05-03T23:57:37.977Z,2026-05-03 19:57:37.977,102635,75,3731,-1224,22
26.440,2026-05-03T23:57:38.017Z,2026-05-03 19:57:38.017,102635,76,3678,-826,-611
26.480,2026-05-03T23:57:38.057Z,2026-05-03 19:57:38.057,102635,77,3711,-1152,-567
26.520,2026-05-03T23:57:38.097Z,2026-05-03 19:57:38.097,102635,78,3663,-904,-709
26.560,2026-05-03T23:57:38.137Z,2026-05-03 19:57:38.137,102635,79,3681,-1075,-515
26.600,2026-05-03T23:57:38.177Z,2026-05-03 19:57:38.177,102635,80,3691,-1048,-268
26.640,2026-05-03T23:57:38.217Z,2026-05-03 19:57:38.217,102635,81,3672,-1057,68
26.680,2026-05-03T23:57:38.257Z,2026-05-03 19:57:38.257,102635,82,3690,-1184,437
26.720,2026-05-03T23:57:38.297Z,2026-05-03 19:57:38.297,102635,83,3660,-1073,407
26.760,2026-05-03T23:57:38.337Z,2026-05-03 19:57:38.337,102635,84,3649,-1231,529
26.800,2026-05-03T23:57:38.377Z,2026-05-03 19:57:38.377,102635,85,3613,-1104,422
26.840,2026-05-03T23:57:38.417Z,2026-05-03 19:57:38.417,102635,86,3642,-1217,366
26.880,2026-05-03T23:57:38.457Z,2026-05-03 19:57:38.457,102635,87,4571,1531,75
26.920,2026-05-03T23:57:38.497Z,2026-05-03 19:57:38.497,102635,88,3410,662,-391
26.960,2026-05-03T23:57:38.537Z,2026-05-03 19:57:38.537,102635,89,3964,2185,-888
27.000,2026-05-03T23:57:38.577Z,2026-05-03 19:57:38.577,102635,90,3506,580,446
27.040,2026-05-03T23:57:38.617Z,2026-05-03 19:57:38.617,102635,91,4042,2277,-308
27.080,2026-05-03T23:57:38.657Z,2026-05-03 19:57:38.657,102635,92,3594,421,1525
27.120,2026-05-03T23:57:38.697Z,2026-05-03 19:57:38.697,102635,93,4072,2120,228
27.160,2026-05-03T23:57:38.737Z,2026-05-03 19:57:38.737,102635,94,3670,682,1301
27.200,2026-05-03T23:57:38.777Z,2026-05-03 19:57:38.777,102635,95,3957,1697,667
27.240,2026-05-03T23:57:38.817Z,2026-05-03 19:57:38.817,102635,96,3774,1016,1316
27.280,2026-05-03T23:57:38.857Z,2026-05-03 19:57:38.857,102635,97,3860,1375,665
27.320,2026-05-03T23:57:38.897Z,2026-05-03 19:57:38.897,102635,98,3800,1339,408
27.360,2026-05-03T23:57:38.937Z,2026-05-03 19:57:38.937,102635,99,3751,1214,296
27.400,2026-05-03T23:57:38.977Z,2026-05-03 19:57:38.977,102635,100,3815,1634,-385
27.440,2026-05-03T23:57:39.017Z,2026-05-03 19:57:39.017,102636,1,3601,1094,-104
27.480,2026-05-03T23:57:39.057Z,2026-05-03 19:57:39.057,102636,2,3808,1810,-718
27.520,2026-05-03T23:57:39.097Z,2026-05-03 19:57:39.097,102636,3,4162,21,-774
27.560,2026-05-03T23:57:39.137Z,2026-05-03 19:57:39.137,102636,4,3710,-2471,2463
27.600,2026-05-03T23:57:39.177Z,2026-05-03 19:57:39.177,102636,5,3621,-681,148
27.640,2026-05-03T23:57:39.217Z,2026-05-03 19:57:39.217,102636,6,3750,-1179,-433
27.680,2026-05-03T23:57:39.257Z,2026-05-03 19:57:39.257,102636,7,3712,-1453,520
27.720,2026-05-03T23:57:39.297Z,2026-05-03 19:57:39.297,102636,8,3641,-716,-480
27.760,2026-05-03T23:57:39.337Z,2026-05-03 19:57:39.337,102636,9,3778,-1689,89
27.800,2026-05-03T23:57:39.377Z,2026-05-03 19:57:39.377,102636,10,3671,-535,-806
27.840,2026-05-03T23:57:39.417Z,2026-05-03 19:57:39.417,102636,11,3759,-1536,125
27.880,2026-05-03T23:57:39.457Z,2026-05-03 19:57:39.457,102636,12,3715,-877,-174
27.920,2026-05-03T23:57:39.497Z,2026-05-03 19:57:39.497,102636,13,3698,-1225,121
27.960,2026-05-03T23:57:39.537Z,2026-05-03 19:57:39.537,102636,14,3764,-1107,-100
28.000,2026-05-03T23:57:39.577Z,2026-05-03 19:57:39.577,102636,15,3700,-1073,112
28.040,2026-05-03T23:57:39.617Z,2026-05-03 19:57:39.617,102636,16,3746,-1208,371
28.080,2026-05-03T23:57:39.657Z,2026-05-03 19:57:39.657,102636,17,3712,-1111,243
28.120,2026-05-03T23:57:39.697Z,2026-05-03 19:57:39.697,102636,18,3716,-1168,111
28.160,2026-05-03T23:57:39.737Z,2026-05-03 19:57:39.737,102636,19,3695,-1153,-68
28.200,2026-05-03T23:57:39.777Z,2026-05-03 19:57:39.777,102636,20,3659,-1125,-155
28.240,2026-05-03T23:57:39.817Z,2026-05-03 19:57:39.817,102636,21,3634,-1201,-167
28.280,2026-05-03T23:57:39.857Z,2026-05-03 19:57:39.857,102636,22,3646,-1044,-327
28.320,2026-05-03T23:57:39.897Z,2026-05-03 19:57:39.897,102636,23,4293,983,52
28.360,2026-05-03T23:57:39.937Z,2026-05-03 19:57:39.937,102636,24,3686,1272,-637
28.400,2026-05-03T23:57:39.977Z,2026-05-03 19:57:39.977,102636,25,3834,1696,-173
28.440,2026-05-03T23:57:40.017Z,2026-05-03 19:57:40.017,102636,26,3673,948,684
28.480,2026-05-03T23:57:40.057Z,2026-05-03 19:57:40.057,102636,27,4044,2061,176
28.520,2026-05-03T23:57:40.097Z,2026-05-03 19:57:40.097,102636,28,3630,518,1477
28.560,2026-05-03T23:57:40.137Z,2026-05-03 19:57:40.137,102636,29,4045,2028,633
28.600,2026-05-03T23:57:40.177Z,2026-05-03 19:57:40.177,102636,30,3683,634,1787
28.640,2026-05-03T23:57:40.217Z,2026-05-03 19:57:40.217,102636,31,3982,1820,693
28.680,2026-05-03T23:57:40.257Z,2026-05-03 19:57:40.257,102636,32,3691,879,1154
28.720,2026-05-03T23:57:40.297Z,2026-05-03 19:57:40.297,102636,33,3891,1629,279
28.760,2026-05-03T23:57:40.337Z,2026-05-03 19:57:40.337,102636,34,3735,1100,571
28.800,2026-05-03T23:57:40.377Z,2026-05-03 19:57:40.377,102636,35,4162,1519,149
28.840,2026-05-03T23:57:40.417Z,2026-05-03 19:57:40.417,102636,36,3836,-2041,-827
28.880,2026-05-03T23:57:40.457Z,2026-05-03 19:57:40.457,102636,37,3651,-278,-947
28.920,2026-05-03T23:57:40.497Z,2026-05-03 19:57:40.497,102636,38,3598,-2322,415
28.960,2026-05-03T23:57:40.537Z,2026-05-03 19:57:40.537,102636,39,3606,-376,-1222
29.000,2026-05-03T23:57:40.577Z,2026-05-03 19:57:40.577,102636,40,3712,-1479,-993
29.040,2026-05-03T23:57:40.617Z,2026-05-03 19:57:40.617,102636,41,3686,-1007,-706
29.080,2026-05-03T23:57:40.657Z,2026-05-03 19:57:40.657,102636,42,3650,-1253,26
29.120,2026-05-03T23:57:40.697Z,2026-05-03 19:57:40.697,102636,43,3735,-1191,-403
29.160,2026-05-03T23:57:40.737Z,2026-05-03 19:57:40.737,102636,44,3758,-974,67
29.200,2026-05-03T23:57:40.777Z,2026-05-03 19:57:40.777,102636,45,3713,-1432,910
29.240,2026-05-03T23:57:40.817Z,2026-05-03 19:57:40.817,102636,46,3740,-1065,806
29.280,2026-05-03T23:57:40.857Z,2026-05-03 19:57:40.857,102636,47,3725,-1335,613
29.320,2026-05-03T23:57:40.897Z,2026-05-03 19:57:40.897,102636,48,3699,-1047,219
29.360,2026-05-03T23:57:40.937Z,2026-05-03 19:57:40.937,102636,49,3774,-1276,336
29.400,2026-05-03T23:57:40.977Z,2026-05-03 19:57:40.977,102636,50,4161,1562,-739
29.440,2026-05-03T23:57:41.017Z,2026-05-03 19:57:41.017,102636,51,3679,1083,-1182
29.480,2026-05-03T23:57:41.057Z,2026-05-03 19:57:41.057,102636,52,3882,1853,-593
29.520,2026-05-03T23:57:41.097Z,2026-05-03 19:57:41.097,102636,53,3643,934,96
29.560,2026-05-03T23:57:41.137Z,2026-05-03 19:57:41.137,102636,54,3994,2016,-418
29.600,2026-05-03T23:57:41.177Z,2026-05-03 19:57:41.177,102636,55,3683,728,1546
29.640,2026-05-03T23:57:41.217Z,2026-05-03 19:57:41.217,102636,56,4009,1821,611
29.680,2026-05-03T23:57:41.257Z,2026-05-03 19:57:41.257,102636,57,3728,796,1167
29.720,2026-05-03T23:57:41.297Z,2026-05-03 19:57:41.297,102636,58,3946,1349,900
29.760,2026-05-03T23:57:41.337Z,2026-05-03 19:57:41.337,102636,59,3889,-461,1412
29.800,2026-05-03T23:57:41.377Z,2026-05-03 19:57:41.377,102636,60,3818,-1436,1476
29.840,2026-05-03T23:57:41.417Z,2026-05-03 19:57:41.417,102636,61,3761,-1029,438
29.880,2026-05-03T23:57:41.457Z,2026-05-03 19:57:41.457,102636,62,3671,-1298,-308
29.920,2026-05-03T23:57:41.497Z,2026-05-03 19:57:41.497,102636,63,3672,-1278,-343
29.960,2026-05-03T23:57:41.537Z,2026-05-03 19:57:41.537,102636,64,3598,-1187,-1259
